table,ordinal,field,duckdb_type,visibility
dld_directory_communities,1,area_id,VARCHAR,public
dld_directory_communities,2,municipality_number,VARCHAR,public
dld_directory_communities,3,name_en,VARCHAR,public
dld_directory_communities,4,name_ar,VARCHAR,public
dld_directory_communities,5,aliases,VARCHAR,search-internal
dld_directory_communities,6,source_export_date,DATE,public
dld_directory_communities,7,source_dataset,VARCHAR,public
dld_directory_developers,1,developer_id,VARCHAR,internal-link
dld_directory_developers,2,participant_id,VARCHAR,internal
dld_directory_developers,3,developer_number,VARCHAR,public
dld_directory_developers,4,name_en,VARCHAR,public
dld_directory_developers,5,name_ar,VARCHAR,public
dld_directory_developers,6,registration_date,DATE,public
dld_directory_developers,7,licence_number,VARCHAR,public
dld_directory_developers,8,licence_source_id,VARCHAR,public
dld_directory_developers,9,licence_source_en,VARCHAR,public
dld_directory_developers,10,licence_source_ar,VARCHAR,public
dld_directory_developers,11,licence_issue_date,DATE,public
dld_directory_developers,12,licence_expiry_date,DATE,public
dld_directory_developers,13,legal_status_en,VARCHAR,public
dld_directory_developers,14,legal_status_ar,VARCHAR,public
dld_directory_developers,15,aliases,VARCHAR,search-internal
dld_directory_developers,16,source_export_date,DATE,public
dld_directory_developers,17,source_dataset,VARCHAR,public
dld_directory_projects,1,project_id,VARCHAR,public
dld_directory_projects,2,project_number,VARCHAR,public
dld_directory_projects,3,source_name,VARCHAR,public
dld_directory_projects,4,name_en,VARCHAR,public
dld_directory_projects,5,name_ar,VARCHAR,public
dld_directory_projects,6,source_developer_id,VARCHAR,internal-link
dld_directory_projects,7,developer_id,VARCHAR,internal-link
dld_directory_projects,8,developer_number,VARCHAR,public
dld_directory_projects,9,source_developer_name,VARCHAR,public
dld_directory_projects,10,master_developer_id,VARCHAR,internal-link
dld_directory_projects,11,area_id,VARCHAR,public
dld_directory_projects,12,area_name_en,VARCHAR,public
dld_directory_projects,13,area_name_ar,VARCHAR,public
dld_directory_projects,14,source_escrow_agent_number,VARCHAR,internal-link
dld_directory_projects,15,escrow_agent_number,VARCHAR,public
dld_directory_projects,16,status_en,VARCHAR,public
dld_directory_projects,17,status_ar,VARCHAR,public
dld_directory_projects,18,percent_completed,DOUBLE,public
dld_directory_projects,19,project_start_date,DATE,public
dld_directory_projects,20,project_end_date,DATE,public
dld_directory_projects,21,completion_date,DATE,public
dld_directory_projects,22,cancellation_date,DATE,public
dld_directory_projects,23,no_of_units,BIGINT,public
dld_directory_projects,24,no_of_villas,BIGINT,public
dld_directory_projects,25,no_of_buildings,BIGINT,public
dld_directory_projects,26,aliases,VARCHAR,search-internal
dld_directory_projects,27,source_export_date,DATE,public
dld_directory_projects,28,source_dataset,VARCHAR,public
dld_directory_brokers,1,broker_id,VARCHAR,public
dld_directory_brokers,2,participant_id,VARCHAR,internal
dld_directory_brokers,3,broker_number,VARCHAR,public
dld_directory_brokers,4,name_en,VARCHAR,public
dld_directory_brokers,5,name_ar,VARCHAR,public
dld_directory_brokers,6,licence_start_date,DATE,public
dld_directory_brokers,7,licence_end_date,DATE,public
dld_directory_brokers,8,aliases,VARCHAR,search-internal
dld_directory_brokers,9,source_export_date,DATE,public
dld_directory_brokers,10,source_dataset,VARCHAR,public
dld_directory_broker_office_links,1,broker_id,VARCHAR,public
dld_directory_broker_office_links,2,source_office_id,VARCHAR,internal-link
dld_directory_broker_office_links,3,office_id,VARCHAR,internal-link
dld_directory_broker_office_links,4,office_number,VARCHAR,public
dld_directory_broker_office_links,5,licence_start_date,DATE,public
dld_directory_broker_office_links,6,licence_end_date,DATE,public
dld_directory_broker_office_links,7,source_export_date,DATE,public
dld_directory_broker_office_links,8,source_dataset,VARCHAR,public
dld_directory_offices,1,office_id,VARCHAR,internal-link
dld_directory_offices,2,office_number,VARCHAR,public
dld_directory_offices,3,participant_id,VARCHAR,internal
dld_directory_offices,4,name_en,VARCHAR,public
dld_directory_offices,5,name_ar,VARCHAR,public
dld_directory_offices,6,licence_number,VARCHAR,public
dld_directory_offices,7,licence_source_id,VARCHAR,public
dld_directory_offices,8,licence_source_en,VARCHAR,public
dld_directory_offices,9,licence_source_ar,VARCHAR,public
dld_directory_offices,10,licence_issue_date,DATE,public
dld_directory_offices,11,licence_expiry_date,DATE,public
dld_directory_offices,12,is_branch,BOOLEAN,public
dld_directory_offices,13,main_office_id,VARCHAR,public
dld_directory_offices,14,aliases,VARCHAR,search-internal
dld_directory_offices,15,source_export_date,DATE,public
dld_directory_offices,16,source_dataset,VARCHAR,public
dld_directory_office_activities,1,activity_key,VARCHAR,public
dld_directory_office_activities,2,office_id,VARCHAR,internal-link
dld_directory_office_activities,3,activity_type_id,VARCHAR,public
dld_directory_office_activities,4,activity_name_en,VARCHAR,public
dld_directory_office_activities,5,activity_name_ar,VARCHAR,public
dld_directory_office_activities,6,ded_activity_code,VARCHAR,public
dld_directory_office_activities,7,source_export_date,DATE,public
dld_directory_office_activities,8,source_dataset,VARCHAR,public
dld_directory_licences,1,licence_key,VARCHAR,public
dld_directory_licences,2,participant_id,VARCHAR,internal
dld_directory_licences,3,activity_type_id,VARCHAR,public
dld_directory_licences,4,activity_name_en,VARCHAR,public
dld_directory_licences,5,activity_name_ar,VARCHAR,public
dld_directory_licences,6,licence_number,VARCHAR,public
dld_directory_licences,7,trade_name_en,VARCHAR,public
dld_directory_licences,8,trade_name_ar,VARCHAR,public
dld_directory_licences,9,status_en,VARCHAR,public
dld_directory_licences,10,status_ar,VARCHAR,public
dld_directory_licences,11,issue_date,DATE,public
dld_directory_licences,12,expiry_date,DATE,public
dld_directory_licences,13,cancel_date,DATE,public
dld_directory_licences,14,legal_type_en,VARCHAR,public
dld_directory_licences,15,legal_type_ar,VARCHAR,public
dld_directory_licences,16,ded_activity_code,VARCHAR,public
dld_directory_licences,17,authority_id,VARCHAR,public
dld_directory_licences,18,matched_office_id,VARCHAR,internal-link
dld_directory_licences,19,matched_developer_id,VARCHAR,internal-link
dld_directory_licences,20,aliases,VARCHAR,search-internal
dld_directory_licences,21,source_export_date,DATE,public
dld_directory_licences,22,source_dataset,VARCHAR,public
dld_directory_permits,1,permit_id,VARCHAR,public
dld_directory_permits,2,permit_number,VARCHAR,public
dld_directory_permits,3,licence_number,VARCHAR,public
dld_directory_permits,4,participant_name_en,VARCHAR,public
dld_directory_permits,5,participant_name_ar,VARCHAR,public
dld_directory_permits,6,service_id,VARCHAR,public
dld_directory_permits,7,service_en,VARCHAR,public
dld_directory_permits,8,service_ar,VARCHAR,public
dld_directory_permits,9,main_service_en,VARCHAR,public
dld_directory_permits,10,main_service_ar,VARCHAR,public
dld_directory_permits,11,status_en,VARCHAR,public
dld_directory_permits,12,status_ar,VARCHAR,public
dld_directory_permits,13,start_date,DATE,public
dld_directory_permits,14,end_date,DATE,public
dld_directory_permits,15,exhibition_name_en,VARCHAR,public
dld_directory_permits,16,exhibition_name_ar,VARCHAR,public
dld_directory_permits,17,aliases,VARCHAR,search-internal
dld_directory_permits,18,source_export_date,DATE,public
dld_directory_permits,19,source_dataset,VARCHAR,public
dld_directory_valuators,1,valuator_key,VARCHAR,public
dld_directory_valuators,2,valuator_number,VARCHAR,public
dld_directory_valuators,3,name_en,VARCHAR,public
dld_directory_valuators,4,name_ar,VARCHAR,public
dld_directory_valuators,5,valuation_company_number,VARCHAR,public
dld_directory_valuators,6,company_name_en,VARCHAR,public
dld_directory_valuators,7,company_name_ar,VARCHAR,public
dld_directory_valuators,8,licence_start_date,DATE,public
dld_directory_valuators,9,licence_end_date,DATE,public
dld_directory_valuators,10,aliases,VARCHAR,search-internal
dld_directory_valuators,11,source_export_date,DATE,public
dld_directory_valuators,12,source_dataset,VARCHAR,public
dld_directory_escrow_agents,1,escrow_agent_number,VARCHAR,public
dld_directory_escrow_agents,2,name_en,VARCHAR,public
dld_directory_escrow_agents,3,name_ar,VARCHAR,public
dld_directory_escrow_agents,4,aliases,VARCHAR,search-internal
dld_directory_escrow_agents,5,source_export_date,DATE,public
dld_directory_escrow_agents,6,source_dataset,VARCHAR,public
dld_directory_owner_associations,1,association_key,VARCHAR,public
dld_directory_owner_associations,2,name_en,VARCHAR,public
dld_directory_owner_associations,3,name_ar,VARCHAR,public
dld_directory_owner_associations,4,latitude,DOUBLE,public
dld_directory_owner_associations,5,longitude,DOUBLE,public
dld_directory_owner_associations,6,aliases,VARCHAR,search-internal
dld_directory_owner_associations,7,source_export_date,DATE,public
dld_directory_owner_associations,8,source_dataset,VARCHAR,public
dld_directory_free_zone_companies,1,company_number,VARCHAR,public
dld_directory_free_zone_companies,2,name_en,VARCHAR,public
dld_directory_free_zone_companies,3,name_ar,VARCHAR,public
dld_directory_free_zone_companies,4,licence_number,VARCHAR,public
dld_directory_free_zone_companies,5,licence_source_id,VARCHAR,public
dld_directory_free_zone_companies,6,licence_source_en,VARCHAR,public
dld_directory_free_zone_companies,7,licence_source_ar,VARCHAR,public
dld_directory_free_zone_companies,8,licence_issue_date,DATE,public
dld_directory_free_zone_companies,9,licence_expiry_date,DATE,public
dld_directory_free_zone_companies,10,aliases,VARCHAR,search-internal
dld_directory_free_zone_companies,11,source_export_date,DATE,public
dld_directory_free_zone_companies,12,source_dataset,VARCHAR,public
