dataset,field,classification,rationale,source_dictionary_classification
Accredited Trainers by the Dubai Real Estate Institute,age_group,public,"Open, non-personal registry/dimension field suitable for public use with DLD attribution.",Open
Accredited Trainers by the Dubai Real Estate Institute,cource_title_ar,public,"Open, non-personal registry/dimension field suitable for public use with DLD attribution.",Open
Accredited Trainers by the Dubai Real Estate Institute,cource_title_en,public,"Open, non-personal registry/dimension field suitable for public use with DLD attribution.",Open
Accredited Trainers by the Dubai Real Estate Institute,course_code,public,"Open, non-personal registry/dimension field suitable for public use with DLD attribution.",Open
Accredited Trainers by the Dubai Real Estate Institute,course_date,public,"Open, non-personal registry/dimension field suitable for public use with DLD attribution.",Open
Accredited Trainers by the Dubai Real Estate Institute,course_time_from,public,"Open, non-personal registry/dimension field suitable for public use with DLD attribution.",Open
Accredited Trainers by the Dubai Real Estate Institute,course_time_to,public,"Open, non-personal registry/dimension field suitable for public use with DLD attribution.",Open
Accredited Trainers by the Dubai Real Estate Institute,course_to,public,"Open, non-personal registry/dimension field suitable for public use with DLD attribution.",Open
Accredited Trainers by the Dubai Real Estate Institute,no_of_trainees,public,"Open, non-personal registry/dimension field suitable for public use with DLD attribution.",Open
Accredited Trainers by the Dubai Real Estate Institute,trainee_gender,public,"Open, non-personal registry/dimension field suitable for public use with DLD attribution.",Open
Accredited Trainers by the Dubai Real Estate Institute,load_timestamp,internal,Operational identifier/contact or ingestion metadata; retain in the controlled data layer.,
Approved Escrow Account Agents,escrow_agent_name_ar,public,"Open, non-personal registry/dimension field suitable for public use with DLD attribution.",Open
Approved Escrow Account Agents,escrow_agent_name_en,public,"Open, non-personal registry/dimension field suitable for public use with DLD attribution.",Open
Approved Escrow Account Agents,escrow_agent_number,public,"Open, non-personal registry/dimension field suitable for public use with DLD attribution.",Open
Approved Escrow Account Agents,phone,internal,Operational identifier/contact or ingestion metadata; retain in the controlled data layer.,Open
Approved Escrow Account Agents,load_timestamp,internal,Operational identifier/contact or ingestion metadata; retain in the controlled data layer.,
Building and Property Project Records,actual_area,public,"Open, non-personal registry/dimension field suitable for public use with DLD attribution.",Open
Building and Property Project Records,actual_common_area,public,"Open, non-personal registry/dimension field suitable for public use with DLD attribution.",Open
Building and Property Project Records,area_id,public,"Open, non-personal registry/dimension field suitable for public use with DLD attribution.",Open
Building and Property Project Records,area_name_ar,public,"Open, non-personal registry/dimension field suitable for public use with DLD attribution.",Open
Building and Property Project Records,area_name_en,public,"Open, non-personal registry/dimension field suitable for public use with DLD attribution.",Open
Building and Property Project Records,bld_levels,public,"Open, non-personal registry/dimension field suitable for public use with DLD attribution.",Open
Building and Property Project Records,building_number,internal,Granular property locator; not suitable for public row-level exposure.,Open
Building and Property Project Records,built_up_area,public,"Open, non-personal registry/dimension field suitable for public use with DLD attribution.",Open
Building and Property Project Records,car_parks,public,"Open, non-personal registry/dimension field suitable for public use with DLD attribution.",Open
Building and Property Project Records,common_area,public,"Open, non-personal registry/dimension field suitable for public use with DLD attribution.",Open
Building and Property Project Records,creation_date,public,"Open, non-personal registry/dimension field suitable for public use with DLD attribution.",Open
Building and Property Project Records,elevators,public,"Open, non-personal registry/dimension field suitable for public use with DLD attribution.",Open
Building and Property Project Records,flats,public,"Open, non-personal registry/dimension field suitable for public use with DLD attribution.",Open
Building and Property Project Records,floors,public,"Open, non-personal registry/dimension field suitable for public use with DLD attribution.",Open
Building and Property Project Records,is_free_hold,public,"Open, non-personal registry/dimension field suitable for public use with DLD attribution.",Open
Building and Property Project Records,is_lease_hold,public,"Open, non-personal registry/dimension field suitable for public use with DLD attribution.",Open
Building and Property Project Records,is_registered,public,"Open, non-personal registry/dimension field suitable for public use with DLD attribution.",Open
Building and Property Project Records,land_number,internal,Granular property locator; not suitable for public row-level exposure.,Open
Building and Property Project Records,land_sub_number,internal,Granular property locator; not suitable for public row-level exposure.,Open
Building and Property Project Records,land_type_ar,public,"Open, non-personal registry/dimension field suitable for public use with DLD attribution.",Open
Building and Property Project Records,land_type_en,public,"Open, non-personal registry/dimension field suitable for public use with DLD attribution.",Open
Building and Property Project Records,land_type_id,public,"Open, non-personal registry/dimension field suitable for public use with DLD attribution.",Open
Building and Property Project Records,master_project_ar,public,"Open, non-personal registry/dimension field suitable for public use with DLD attribution.",Open
Building and Property Project Records,master_project_en,public,"Open, non-personal registry/dimension field suitable for public use with DLD attribution.",Open
Building and Property Project Records,master_project_id,public,"Open, non-personal registry/dimension field suitable for public use with DLD attribution.",Open
Building and Property Project Records,offices,public,"Open, non-personal registry/dimension field suitable for public use with DLD attribution.",Open
Building and Property Project Records,parcel_id,internal,Operational identifier/contact or ingestion metadata; retain in the controlled data layer.,Open
Building and Property Project Records,parent_property_id,internal,Operational identifier/contact or ingestion metadata; retain in the controlled data layer.,Open
Building and Property Project Records,pre_registration_number,internal,Operational identifier/contact or ingestion metadata; retain in the controlled data layer.,Open
Building and Property Project Records,project_id,public,"Open, non-personal registry/dimension field suitable for public use with DLD attribution.",Open
Building and Property Project Records,project_name_ar,public,"Open, non-personal registry/dimension field suitable for public use with DLD attribution.",Open
Building and Property Project Records,project_name_en,public,"Open, non-personal registry/dimension field suitable for public use with DLD attribution.",Open
Building and Property Project Records,property_id,internal,Operational identifier/contact or ingestion metadata; retain in the controlled data layer.,Open
Building and Property Project Records,property_sub_type_ar,public,"Open, non-personal registry/dimension field suitable for public use with DLD attribution.",Open
Building and Property Project Records,property_sub_type_en,public,"Open, non-personal registry/dimension field suitable for public use with DLD attribution.",Open
Building and Property Project Records,property_sub_type_id,public,"Open, non-personal registry/dimension field suitable for public use with DLD attribution.",Open
Building and Property Project Records,property_type_ar,public,"Open, non-personal registry/dimension field suitable for public use with DLD attribution.",Open
Building and Property Project Records,property_type_en,public,"Open, non-personal registry/dimension field suitable for public use with DLD attribution.",Open
Building and Property Project Records,property_type_id,public,"Open, non-personal registry/dimension field suitable for public use with DLD attribution.",Open
Building and Property Project Records,rooms,public,"Open, non-personal registry/dimension field suitable for public use with DLD attribution.",Open
Building and Property Project Records,rooms_ar,public,"Open, non-personal registry/dimension field suitable for public use with DLD attribution.",Open
Building and Property Project Records,rooms_en,public,"Open, non-personal registry/dimension field suitable for public use with DLD attribution.",Open
Building and Property Project Records,shops,public,"Open, non-personal registry/dimension field suitable for public use with DLD attribution.",Open
Building and Property Project Records,swimming_pools,public,"Open, non-personal registry/dimension field suitable for public use with DLD attribution.",Open
Building and Property Project Records,zone_id,public,"Open, non-personal registry/dimension field suitable for public use with DLD attribution.",Open
Building and Property Project Records,load_timestamp,internal,Operational identifier/contact or ingestion metadata; retain in the controlled data layer.,
Developers Recorded in Dubai Land Department,chamber_of_commerce_no,public,"Open, non-personal registry/dimension field suitable for public use with DLD attribution.",Open
Developers Recorded in Dubai Land Department,developer_id,public,"Open, non-personal registry/dimension field suitable for public use with DLD attribution.",Open
Developers Recorded in Dubai Land Department,developer_name_ar,public,"Open, non-personal registry/dimension field suitable for public use with DLD attribution.",Open
Developers Recorded in Dubai Land Department,developer_name_en,public,"Open, non-personal registry/dimension field suitable for public use with DLD attribution.",Open
Developers Recorded in Dubai Land Department,developer_number,public,"Open, non-personal registry/dimension field suitable for public use with DLD attribution.",Open
Developers Recorded in Dubai Land Department,fax,internal,Operational identifier/contact or ingestion metadata; retain in the controlled data layer.,Open
Developers Recorded in Dubai Land Department,legal_status,public,"Open, non-personal registry/dimension field suitable for public use with DLD attribution.",Open
Developers Recorded in Dubai Land Department,legal_status_ar,public,"Open, non-personal registry/dimension field suitable for public use with DLD attribution.",Open
Developers Recorded in Dubai Land Department,legal_status_en,public,"Open, non-personal registry/dimension field suitable for public use with DLD attribution.",Open
Developers Recorded in Dubai Land Department,license_expiry_date,public,"Open, non-personal registry/dimension field suitable for public use with DLD attribution.",Open
Developers Recorded in Dubai Land Department,license_issue_date,public,"Open, non-personal registry/dimension field suitable for public use with DLD attribution.",Open
Developers Recorded in Dubai Land Department,license_number,public,"Open, non-personal registry/dimension field suitable for public use with DLD attribution.",Open
Developers Recorded in Dubai Land Department,license_source_ar,public,"Open, non-personal registry/dimension field suitable for public use with DLD attribution.",Open
Developers Recorded in Dubai Land Department,license_source_en,public,"Open, non-personal registry/dimension field suitable for public use with DLD attribution.",Open
Developers Recorded in Dubai Land Department,license_source_id,public,"Open, non-personal registry/dimension field suitable for public use with DLD attribution.",Open
Developers Recorded in Dubai Land Department,license_type_ar,public,"Open, non-personal registry/dimension field suitable for public use with DLD attribution.",Open
Developers Recorded in Dubai Land Department,license_type_en,public,"Open, non-personal registry/dimension field suitable for public use with DLD attribution.",Open
Developers Recorded in Dubai Land Department,license_type_id,public,"Open, non-personal registry/dimension field suitable for public use with DLD attribution.",Open
Developers Recorded in Dubai Land Department,participant_id,internal,Operational identifier/contact or ingestion metadata; retain in the controlled data layer.,Open
Developers Recorded in Dubai Land Department,phone,internal,Operational identifier/contact or ingestion metadata; retain in the controlled data layer.,Open
Developers Recorded in Dubai Land Department,registration_date,public,"Open, non-personal registry/dimension field suitable for public use with DLD attribution.",Open
Developers Recorded in Dubai Land Department,webpage,internal,Operational identifier/contact or ingestion metadata; retain in the controlled data layer.,Open
Developers Recorded in Dubai Land Department,load_timestamp,internal,Operational identifier/contact or ingestion metadata; retain in the controlled data layer.,
Elders and People of Determination,average_service_time,public,"Open, non-personal registry/dimension field suitable for public use with DLD attribution.",Open
Elders and People of Determination,average_wating_time,public,"Open, non-personal registry/dimension field suitable for public use with DLD attribution.",Open
Elders and People of Determination,percent_service_time_in_target,public,"Open, non-personal registry/dimension field suitable for public use with DLD attribution.",Open
Elders and People of Determination,percent_waiting_time_in_target,public,"Open, non-personal registry/dimension field suitable for public use with DLD attribution.",Open
Elders and People of Determination,service_location_ar,public,"Open, non-personal registry/dimension field suitable for public use with DLD attribution.",Open
Elders and People of Determination,service_location_en,public,"Open, non-personal registry/dimension field suitable for public use with DLD attribution.",Open
Elders and People of Determination,service_month,public,"Open, non-personal registry/dimension field suitable for public use with DLD attribution.",Open
Elders and People of Determination,service_name_ar,public,"Open, non-personal registry/dimension field suitable for public use with DLD attribution.",Open
Elders and People of Determination,service_name_en,public,"Open, non-personal registry/dimension field suitable for public use with DLD attribution.",Open
Elders and People of Determination,service_year,public,"Open, non-personal registry/dimension field suitable for public use with DLD attribution.",Open
Elders and People of Determination,target_service_time,public,"Open, non-personal registry/dimension field suitable for public use with DLD attribution.",Open
Elders and People of Determination,target_waiting_time,public,"Open, non-personal registry/dimension field suitable for public use with DLD attribution.",Open
Elders and People of Determination,total_no_of_tickets,public,"Open, non-personal registry/dimension field suitable for public use with DLD attribution.",Open
Elders and People of Determination,load_timestamp,internal,Operational identifier/contact or ingestion metadata; retain in the controlled data layer.,
Free Zone Companies Licensing,email,internal,Operational identifier/contact or ingestion metadata; retain in the controlled data layer.,Open
Free Zone Companies Licensing,fz_company_name_ar,public,"Open, non-personal registry/dimension field suitable for public use with DLD attribution.",Open
Free Zone Companies Licensing,fz_company_name_en,public,"Open, non-personal registry/dimension field suitable for public use with DLD attribution.",Open
Free Zone Companies Licensing,fz_company_number,public,"Open, non-personal registry/dimension field suitable for public use with DLD attribution.",Open
Free Zone Companies Licensing,license_expiry_date,public,"Open, non-personal registry/dimension field suitable for public use with DLD attribution.",Open
Free Zone Companies Licensing,license_issue_date,public,"Open, non-personal registry/dimension field suitable for public use with DLD attribution.",Open
Free Zone Companies Licensing,license_number,public,"Open, non-personal registry/dimension field suitable for public use with DLD attribution.",Open
Free Zone Companies Licensing,license_source_ar,public,"Open, non-personal registry/dimension field suitable for public use with DLD attribution.",Open
Free Zone Companies Licensing,license_source_en,public,"Open, non-personal registry/dimension field suitable for public use with DLD attribution.",Open
Free Zone Companies Licensing,license_source_id,public,"Open, non-personal registry/dimension field suitable for public use with DLD attribution.",Open
Free Zone Companies Licensing,phone,internal,Operational identifier/contact or ingestion metadata; retain in the controlled data layer.,Open
Free Zone Companies Licensing,webpage,internal,Operational identifier/contact or ingestion metadata; retain in the controlled data layer.,Open
Free Zone Companies Licensing,load_timestamp,internal,Operational identifier/contact or ingestion metadata; retain in the controlled data layer.,
Land Registry,actual_area,aggregate-only,Granular property/transaction/rent measure; publish only through controlled aggregates.,Open
Land Registry,area_id,public,"Non-personal market dimension suitable for labels, filters, and methodology.",Open
Land Registry,area_name_ar,public,"Non-personal market dimension suitable for labels, filters, and methodology.",Open
Land Registry,area_name_en,public,"Non-personal market dimension suitable for labels, filters, and methodology.",Open
Land Registry,is_free_hold,public,"Non-personal market dimension suitable for labels, filters, and methodology.",Open
Land Registry,is_registered,public,"Non-personal market dimension suitable for labels, filters, and methodology.",Open
Land Registry,land_number,internal,Granular property locator; not suitable for public row-level exposure.,Open
Land Registry,land_sub_number,internal,Granular property locator; not suitable for public row-level exposure.,Open
Land Registry,land_type_ar,public,"Non-personal market dimension suitable for labels, filters, and methodology.",Open
Land Registry,land_type_en,public,"Non-personal market dimension suitable for labels, filters, and methodology.",Open
Land Registry,land_type_id,aggregate-only,Granular property/transaction/rent measure; publish only through controlled aggregates.,Open
Land Registry,master_project_ar,aggregate-only,Granular property/transaction/rent measure; publish only through controlled aggregates.,Open
Land Registry,master_project_en,aggregate-only,Granular property/transaction/rent measure; publish only through controlled aggregates.,Open
Land Registry,master_project_id,aggregate-only,Granular property/transaction/rent measure; publish only through controlled aggregates.,Open
Land Registry,munc_number,internal,Granular property locator; not suitable for public row-level exposure.,Open
Land Registry,munc_zip_code,internal,Granular property locator; not suitable for public row-level exposure.,Open
Land Registry,parcel_id,internal,Operational identifier/contact or ingestion metadata; retain in the controlled data layer.,Open
Land Registry,pre_registration_number,internal,Operational identifier/contact or ingestion metadata; retain in the controlled data layer.,Open
Land Registry,project_id,aggregate-only,Granular property/transaction/rent measure; publish only through controlled aggregates.,Open
Land Registry,project_name_ar,public,"Non-personal market dimension suitable for labels, filters, and methodology.",Open
Land Registry,project_name_en,public,"Non-personal market dimension suitable for labels, filters, and methodology.",Open
Land Registry,property_id,internal,Operational identifier/contact or ingestion metadata; retain in the controlled data layer.,Open
Land Registry,property_sub_type_ar,public,"Non-personal market dimension suitable for labels, filters, and methodology.",Open
Land Registry,property_sub_type_en,public,"Non-personal market dimension suitable for labels, filters, and methodology.",Open
Land Registry,property_sub_type_id,public,"Non-personal market dimension suitable for labels, filters, and methodology.",Open
Land Registry,property_type_ar,public,"Non-personal market dimension suitable for labels, filters, and methodology.",Open
Land Registry,property_type_en,public,"Non-personal market dimension suitable for labels, filters, and methodology.",Open
Land Registry,property_type_id,public,"Non-personal market dimension suitable for labels, filters, and methodology.",Open
Land Registry,separated_from,aggregate-only,Granular property/transaction/rent measure; publish only through controlled aggregates.,Open
Land Registry,separated_reference,aggregate-only,Granular property/transaction/rent measure; publish only through controlled aggregates.,Open
Land Registry,zone_id,aggregate-only,Granular property/transaction/rent measure; publish only through controlled aggregates.,Open
Land Registry,load_timestamp,internal,Operational identifier/contact or ingestion metadata; retain in the controlled data layer.,
Licenced Owner Associations,company_name_ar,public,"Open, non-personal registry/dimension field suitable for public use with DLD attribution.",Open
Licenced Owner Associations,company_name_en,public,"Open, non-personal registry/dimension field suitable for public use with DLD attribution.",Open
Licenced Owner Associations,email,internal,Operational identifier/contact or ingestion metadata; retain in the controlled data layer.,Open
Licenced Owner Associations,latitude,public,"Open, non-personal registry/dimension field suitable for public use with DLD attribution.",Open
Licenced Owner Associations,longitude,public,"Open, non-personal registry/dimension field suitable for public use with DLD attribution.",Open
Licenced Owner Associations,phone,internal,Operational identifier/contact or ingestion metadata; retain in the controlled data layer.,Open
Licenced Owner Associations,load_timestamp,internal,Operational identifier/contact or ingestion metadata; retain in the controlled data layer.,
Licensed Real Estate Valuators,gender_ar,public,"Open, non-personal registry/dimension field suitable for public use with DLD attribution.",Open
Licensed Real Estate Valuators,gender_en,public,"Open, non-personal registry/dimension field suitable for public use with DLD attribution.",Open
Licensed Real Estate Valuators,gender_id,public,"Open, non-personal registry/dimension field suitable for public use with DLD attribution.",Open
Licensed Real Estate Valuators,license_end_date,public,"Open, non-personal registry/dimension field suitable for public use with DLD attribution.",Open
Licensed Real Estate Valuators,license_start_date,public,"Open, non-personal registry/dimension field suitable for public use with DLD attribution.",Open
Licensed Real Estate Valuators,valuation_company_name_ar,public,"Open, non-personal registry/dimension field suitable for public use with DLD attribution.",Open
Licensed Real Estate Valuators,valuation_company_name_en,public,"Open, non-personal registry/dimension field suitable for public use with DLD attribution.",Open
Licensed Real Estate Valuators,valuation_company_number,public,"Open, non-personal registry/dimension field suitable for public use with DLD attribution.",Open
Licensed Real Estate Valuators,valuator_name_ar,public,"Open, non-personal registry/dimension field suitable for public use with DLD attribution.",Open
Licensed Real Estate Valuators,valuator_name_en,public,"Open, non-personal registry/dimension field suitable for public use with DLD attribution.",Open
Licensed Real Estate Valuators,valuator_nationality_ar,public,"Open, non-personal registry/dimension field suitable for public use with DLD attribution.",Open
Licensed Real Estate Valuators,valuator_nationality_en,public,"Open, non-personal registry/dimension field suitable for public use with DLD attribution.",Open
Licensed Real Estate Valuators,valuator_nationality_id,public,"Open, non-personal registry/dimension field suitable for public use with DLD attribution.",Open
Licensed Real Estate Valuators,valuator_number,public,"Open, non-personal registry/dimension field suitable for public use with DLD attribution.",Open
Licensed Real Estate Valuators,load_timestamp,internal,Operational identifier/contact or ingestion metadata; retain in the controlled data layer.,
Lookup Dubai Community Areas,area_id,public,"Open, non-personal registry/dimension field suitable for public use with DLD attribution.",Open
Lookup Dubai Community Areas,municipality_number,public,"Open, non-personal registry/dimension field suitable for public use with DLD attribution.",Open
Lookup Dubai Community Areas,name_ar,public,"Open, non-personal registry/dimension field suitable for public use with DLD attribution.",Open
Lookup Dubai Community Areas,name_en,public,"Open, non-personal registry/dimension field suitable for public use with DLD attribution.",Open
Lookup Dubai Community Areas,load_timestamp,internal,Operational identifier/contact or ingestion metadata; retain in the controlled data layer.,
Lookup Real Estate Market Types,market_type_id,public,"Open, non-personal registry/dimension field suitable for public use with DLD attribution.",Open
Lookup Real Estate Market Types,name_ar,public,"Open, non-personal registry/dimension field suitable for public use with DLD attribution.",Open
Lookup Real Estate Market Types,name_en,public,"Open, non-personal registry/dimension field suitable for public use with DLD attribution.",Open
Lookup Real Estate Market Types,load_timestamp,internal,Operational identifier/contact or ingestion metadata; retain in the controlled data layer.,
Lookup Real Estate Transactions Groups,group_id,public,"Open, non-personal registry/dimension field suitable for public use with DLD attribution.",Open
Lookup Real Estate Transactions Groups,name_ar,public,"Open, non-personal registry/dimension field suitable for public use with DLD attribution.",Open
Lookup Real Estate Transactions Groups,name_en,public,"Open, non-personal registry/dimension field suitable for public use with DLD attribution.",Open
Lookup Real Estate Transactions Groups,load_timestamp,internal,Operational identifier/contact or ingestion metadata; retain in the controlled data layer.,
Lookup Real Estate Transactions Procedures,group_id,public,"Open, non-personal registry/dimension field suitable for public use with DLD attribution.",Open
Lookup Real Estate Transactions Procedures,is_pre_registration,public,"Open, non-personal registry/dimension field suitable for public use with DLD attribution.",Open
Lookup Real Estate Transactions Procedures,name_ar,public,"Open, non-personal registry/dimension field suitable for public use with DLD attribution.",Open
Lookup Real Estate Transactions Procedures,name_en,public,"Open, non-personal registry/dimension field suitable for public use with DLD attribution.",Open
Lookup Real Estate Transactions Procedures,procedure_id,public,"Open, non-personal registry/dimension field suitable for public use with DLD attribution.",Open
Lookup Real Estate Transactions Procedures,load_timestamp,internal,Operational identifier/contact or ingestion metadata; retain in the controlled data layer.,
Owners Association Service Charges,budget_year,public,"Open, non-personal registry/dimension field suitable for public use with DLD attribution.",Open
Owners Association Service Charges,management_company_id,public,"Open, non-personal registry/dimension field suitable for public use with DLD attribution.",Open
Owners Association Service Charges,management_company_name_ar,public,"Open, non-personal registry/dimension field suitable for public use with DLD attribution.",Open
Owners Association Service Charges,management_company_name_en,public,"Open, non-personal registry/dimension field suitable for public use with DLD attribution.",Open
Owners Association Service Charges,master_community_id,public,"Open, non-personal registry/dimension field suitable for public use with DLD attribution.",Open
Owners Association Service Charges,master_community_name_ar,public,"Open, non-personal registry/dimension field suitable for public use with DLD attribution.",Open
Owners Association Service Charges,master_community_name_en,public,"Open, non-personal registry/dimension field suitable for public use with DLD attribution.",Open
Owners Association Service Charges,project_id,public,"Open, non-personal registry/dimension field suitable for public use with DLD attribution.",Open
Owners Association Service Charges,project_name,public,"Open, non-personal registry/dimension field suitable for public use with DLD attribution.",Open
Owners Association Service Charges,property_group_id,public,"Open, non-personal registry/dimension field suitable for public use with DLD attribution.",Open
Owners Association Service Charges,property_group_name_ar,public,"Open, non-personal registry/dimension field suitable for public use with DLD attribution.",Open
Owners Association Service Charges,property_group_name_en,public,"Open, non-personal registry/dimension field suitable for public use with DLD attribution.",Open
Owners Association Service Charges,service_category_id,public,"Open, non-personal registry/dimension field suitable for public use with DLD attribution.",Open
Owners Association Service Charges,service_category_name_ar,public,"Open, non-personal registry/dimension field suitable for public use with DLD attribution.",Open
Owners Association Service Charges,service_category_name_en,public,"Open, non-personal registry/dimension field suitable for public use with DLD attribution.",Open
Owners Association Service Charges,service_cost,public,"Open, non-personal registry/dimension field suitable for public use with DLD attribution.",Open
Owners Association Service Charges,usage_id,public,"Open, non-personal registry/dimension field suitable for public use with DLD attribution.",Open
Owners Association Service Charges,usage_name_ar,public,"Open, non-personal registry/dimension field suitable for public use with DLD attribution.",Open
Owners Association Service Charges,usage_name_en,public,"Open, non-personal registry/dimension field suitable for public use with DLD attribution.",Open
Owners Association Service Charges,load_timestamp,internal,Operational identifier/contact or ingestion metadata; retain in the controlled data layer.,
Property Map Requests,application_id,internal,Operational identifier/contact or ingestion metadata; retain in the controlled data layer.,Open
Property Map Requests,application_name_ar,public,"Open, non-personal registry/dimension field suitable for public use with DLD attribution.",Open
Property Map Requests,application_name_en,public,"Open, non-personal registry/dimension field suitable for public use with DLD attribution.",Open
Property Map Requests,no_of_siteplans,aggregate-only,Operational service activity; publish only as aggregated demand statistics.,Open
Property Map Requests,procedure_id,public,"Open, non-personal registry/dimension field suitable for public use with DLD attribution.",Open
Property Map Requests,procedure_name_ar,public,"Open, non-personal registry/dimension field suitable for public use with DLD attribution.",Open
Property Map Requests,procedure_name_en,public,"Open, non-personal registry/dimension field suitable for public use with DLD attribution.",Open
Property Map Requests,property_type_ar,public,"Open, non-personal registry/dimension field suitable for public use with DLD attribution.",Open
Property Map Requests,property_type_en,public,"Open, non-personal registry/dimension field suitable for public use with DLD attribution.",Open
Property Map Requests,property_type_id,public,"Open, non-personal registry/dimension field suitable for public use with DLD attribution.",Open
Property Map Requests,request_date,aggregate-only,Operational service activity; publish only as aggregated demand statistics.,Open
Property Map Requests,request_id,internal,Operational identifier/contact or ingestion metadata; retain in the controlled data layer.,Open
Property Map Requests,request_source_ar,public,"Open, non-personal registry/dimension field suitable for public use with DLD attribution.",Open
Property Map Requests,request_source_en,public,"Open, non-personal registry/dimension field suitable for public use with DLD attribution.",Open
Property Map Requests,request_source_id,public,"Open, non-personal registry/dimension field suitable for public use with DLD attribution.",Open
Property Map Requests,load_timestamp,internal,Operational identifier/contact or ingestion metadata; retain in the controlled data layer.,
Property Valuation Records,actual_area,aggregate-only,Granular property/transaction/rent measure; publish only through controlled aggregates.,Open
Property Valuation Records,actual_worth,aggregate-only,Granular property/transaction/rent measure; publish only through controlled aggregates.,Open
Property Valuation Records,area_id,public,"Non-personal market dimension suitable for labels, filters, and methodology.",Open
Property Valuation Records,area_name_ar,public,"Non-personal market dimension suitable for labels, filters, and methodology.",Open
Property Valuation Records,area_name_en,public,"Non-personal market dimension suitable for labels, filters, and methodology.",Open
Property Valuation Records,instance_date,aggregate-only,Granular property/transaction/rent measure; publish only through controlled aggregates.,Open
Property Valuation Records,procedure_area,aggregate-only,Granular property/transaction/rent measure; publish only through controlled aggregates.,Open
Property Valuation Records,procedure_id,aggregate-only,Granular property/transaction/rent measure; publish only through controlled aggregates.,Open
Property Valuation Records,procedure_name_ar,public,"Non-personal market dimension suitable for labels, filters, and methodology.",Open
Property Valuation Records,procedure_name_en,public,"Non-personal market dimension suitable for labels, filters, and methodology.",Open
Property Valuation Records,procedure_number,internal,Operational identifier/contact or ingestion metadata; retain in the controlled data layer.,Open
Property Valuation Records,procedure_year,aggregate-only,Granular property/transaction/rent measure; publish only through controlled aggregates.,Open
Property Valuation Records,property_sub_type_ar,public,"Non-personal market dimension suitable for labels, filters, and methodology.",Open
Property Valuation Records,property_sub_type_en,public,"Non-personal market dimension suitable for labels, filters, and methodology.",Open
Property Valuation Records,property_sub_type_id,public,"Non-personal market dimension suitable for labels, filters, and methodology.",Open
Property Valuation Records,property_total_value,aggregate-only,Granular property/transaction/rent measure; publish only through controlled aggregates.,Open
Property Valuation Records,property_type_ar,public,"Non-personal market dimension suitable for labels, filters, and methodology.",Open
Property Valuation Records,property_type_en,public,"Non-personal market dimension suitable for labels, filters, and methodology.",Open
Property Valuation Records,property_type_id,public,"Non-personal market dimension suitable for labels, filters, and methodology.",Open
Property Valuation Records,row_status_code,aggregate-only,Granular property/transaction/rent measure; publish only through controlled aggregates.,Open
Property Valuation Records,load_timestamp,internal,Operational identifier/contact or ingestion metadata; retain in the controlled data layer.,
Real Estate Brokers,broker_name_ar,public,"Open, non-personal registry/dimension field suitable for public use with DLD attribution.",Open
Real Estate Brokers,broker_name_en,public,"Open, non-personal registry/dimension field suitable for public use with DLD attribution.",Open
Real Estate Brokers,broker_number,public,"Open, non-personal registry/dimension field suitable for public use with DLD attribution.",Open
Real Estate Brokers,fax,internal,Operational identifier/contact or ingestion metadata; retain in the controlled data layer.,Open
Real Estate Brokers,gender,aggregate-only,Person-level demographic attribute; publish only as a sufficiently large aggregate.,Open
Real Estate Brokers,license_end_date,public,"Open, non-personal registry/dimension field suitable for public use with DLD attribution.",Open
Real Estate Brokers,license_start_date,public,"Open, non-personal registry/dimension field suitable for public use with DLD attribution.",Open
Real Estate Brokers,participant_id,internal,Operational identifier/contact or ingestion metadata; retain in the controlled data layer.,Open
Real Estate Brokers,phone,internal,Operational identifier/contact or ingestion metadata; retain in the controlled data layer.,Open
Real Estate Brokers,real_estate_broker_id,public,"Open, non-personal registry/dimension field suitable for public use with DLD attribution.",Open
Real Estate Brokers,real_estate_id,public,"Open, non-personal registry/dimension field suitable for public use with DLD attribution.",Open
Real Estate Brokers,real_estate_number,public,"Open, non-personal registry/dimension field suitable for public use with DLD attribution.",Open
Real Estate Brokers,webpage,internal,Operational identifier/contact or ingestion metadata; retain in the controlled data layer.,Open
Real Estate Brokers,load_timestamp,internal,Operational identifier/contact or ingestion metadata; retain in the controlled data layer.,
Real Estate Licenses,activity_name_ar,public,"Open, non-personal registry/dimension field suitable for public use with DLD attribution.",Open
Real Estate Licenses,activity_name_en,public,"Open, non-personal registry/dimension field suitable for public use with DLD attribution.",Open
Real Estate Licenses,activity_type_id,public,"Open, non-personal registry/dimension field suitable for public use with DLD attribution.",Open
Real Estate Licenses,authority_id,public,"Open, non-personal registry/dimension field suitable for public use with DLD attribution.",Open
Real Estate Licenses,cancel_date,public,"Open, non-personal registry/dimension field suitable for public use with DLD attribution.",Open
Real Estate Licenses,chamber_commerce_number,public,"Open, non-personal registry/dimension field suitable for public use with DLD attribution.",Open
Real Estate Licenses,commerce_registry_number,public,"Open, non-personal registry/dimension field suitable for public use with DLD attribution.",Open
Real Estate Licenses,ded_activity_code,public,"Open, non-personal registry/dimension field suitable for public use with DLD attribution.",Open
Real Estate Licenses,expiry_date,public,"Open, non-personal registry/dimension field suitable for public use with DLD attribution.",Open
Real Estate Licenses,issue_date,public,"Open, non-personal registry/dimension field suitable for public use with DLD attribution.",Open
Real Estate Licenses,legal_type_arabic,public,"Open, non-personal registry/dimension field suitable for public use with DLD attribution.",Open
Real Estate Licenses,legal_type_english,public,"Open, non-personal registry/dimension field suitable for public use with DLD attribution.",Open
Real Estate Licenses,legal_type_id,public,"Open, non-personal registry/dimension field suitable for public use with DLD attribution.",Open
Real Estate Licenses,license_number,public,"Open, non-personal registry/dimension field suitable for public use with DLD attribution.",Open
Real Estate Licenses,parcel_id,internal,Operational identifier/contact or ingestion metadata; retain in the controlled data layer.,Open
Real Estate Licenses,participant_id,internal,Operational identifier/contact or ingestion metadata; retain in the controlled data layer.,Open
Real Estate Licenses,print_rmker_arabic,public,"Open, non-personal registry/dimension field suitable for public use with DLD attribution.",Open
Real Estate Licenses,rent_contract_no,internal,Operational identifier/contact or ingestion metadata; retain in the controlled data layer.,Open
Real Estate Licenses,status_arabic,public,"Open, non-personal registry/dimension field suitable for public use with DLD attribution.",Open
Real Estate Licenses,status_english,public,"Open, non-personal registry/dimension field suitable for public use with DLD attribution.",Open
Real Estate Licenses,status_id,public,"Open, non-personal registry/dimension field suitable for public use with DLD attribution.",Open
Real Estate Licenses,trade_name_arabic,public,"Open, non-personal registry/dimension field suitable for public use with DLD attribution.",Open
Real Estate Licenses,trade_name_english,public,"Open, non-personal registry/dimension field suitable for public use with DLD attribution.",Open
Real Estate Licenses,load_timestamp,internal,Operational identifier/contact or ingestion metadata; retain in the controlled data layer.,
Real Estate Offices,activity_type_ar,public,"Open, non-personal registry/dimension field suitable for public use with DLD attribution.",Open
Real Estate Offices,activity_type_en,public,"Open, non-personal registry/dimension field suitable for public use with DLD attribution.",Open
Real Estate Offices,activity_type_id,public,"Open, non-personal registry/dimension field suitable for public use with DLD attribution.",Open
Real Estate Offices,ded_activity_code,public,"Open, non-personal registry/dimension field suitable for public use with DLD attribution.",Open
Real Estate Offices,fax,internal,Operational identifier/contact or ingestion metadata; retain in the controlled data layer.,Open
Real Estate Offices,is_branch,public,"Open, non-personal registry/dimension field suitable for public use with DLD attribution.",Open
Real Estate Offices,license_expiry_date,public,"Open, non-personal registry/dimension field suitable for public use with DLD attribution.",Open
Real Estate Offices,license_issue_date,public,"Open, non-personal registry/dimension field suitable for public use with DLD attribution.",Open
Real Estate Offices,license_number,public,"Open, non-personal registry/dimension field suitable for public use with DLD attribution.",Open
Real Estate Offices,license_source_ar,public,"Open, non-personal registry/dimension field suitable for public use with DLD attribution.",Open
Real Estate Offices,license_source_en,public,"Open, non-personal registry/dimension field suitable for public use with DLD attribution.",Open
Real Estate Offices,license_source_id,public,"Open, non-personal registry/dimension field suitable for public use with DLD attribution.",Open
Real Estate Offices,main_office_id,internal,Operational identifier/contact or ingestion metadata; retain in the controlled data layer.,Open
Real Estate Offices,participant_id,internal,Operational identifier/contact or ingestion metadata; retain in the controlled data layer.,Open
Real Estate Offices,phone,internal,Operational identifier/contact or ingestion metadata; retain in the controlled data layer.,Open
Real Estate Offices,real_estate_id,public,"Open, non-personal registry/dimension field suitable for public use with DLD attribution.",Open
Real Estate Offices,real_estate_number,public,"Open, non-personal registry/dimension field suitable for public use with DLD attribution.",Open
Real Estate Offices,webpage,internal,Operational identifier/contact or ingestion metadata; retain in the controlled data layer.,Open
Real Estate Offices,load_timestamp,internal,Operational identifier/contact or ingestion metadata; retain in the controlled data layer.,
Real Estate Permits,end_date,public,"Open, non-personal registry/dimension field suitable for public use with DLD attribution.",Open
Real Estate Permits,exhibition_name_ar,public,"Open, non-personal registry/dimension field suitable for public use with DLD attribution.",Open
Real Estate Permits,exhibition_name_en,public,"Open, non-personal registry/dimension field suitable for public use with DLD attribution.",Open
Real Estate Permits,license_number,public,"Open, non-personal registry/dimension field suitable for public use with DLD attribution.",Open
Real Estate Permits,location,public,"Open, non-personal registry/dimension field suitable for public use with DLD attribution.",Open
Real Estate Permits,main_service_ar,public,"Open, non-personal registry/dimension field suitable for public use with DLD attribution.",Open
Real Estate Permits,main_service_en,public,"Open, non-personal registry/dimension field suitable for public use with DLD attribution.",Open
Real Estate Permits,parent_parmits_id,internal,Operational identifier/contact or ingestion metadata; retain in the controlled data layer.,Open
Real Estate Permits,parent_service_id,public,"Open, non-personal registry/dimension field suitable for public use with DLD attribution.",Open
Real Estate Permits,paricipant_name_en,public,"Open, non-personal registry/dimension field suitable for public use with DLD attribution.",Open
Real Estate Permits,participant_name_ar,public,"Open, non-personal registry/dimension field suitable for public use with DLD attribution.",Open
Real Estate Permits,permit_number,public,"Open, non-personal registry/dimension field suitable for public use with DLD attribution.",Open
Real Estate Permits,permits_id,public,"Open, non-personal registry/dimension field suitable for public use with DLD attribution.",Open
Real Estate Permits,permit_status_ar,public,"Open, non-personal registry/dimension field suitable for public use with DLD attribution.",Open
Real Estate Permits,permit_status_en,public,"Open, non-personal registry/dimension field suitable for public use with DLD attribution.",Open
Real Estate Permits,permit_status_id,public,"Open, non-personal registry/dimension field suitable for public use with DLD attribution.",Open
Real Estate Permits,service_ar,public,"Open, non-personal registry/dimension field suitable for public use with DLD attribution.",Open
Real Estate Permits,service_en,public,"Open, non-personal registry/dimension field suitable for public use with DLD attribution.",Open
Real Estate Permits,service_id,public,"Open, non-personal registry/dimension field suitable for public use with DLD attribution.",Open
Real Estate Permits,start_date,public,"Open, non-personal registry/dimension field suitable for public use with DLD attribution.",Open
Real Estate Permits,load_timestamp,internal,Operational identifier/contact or ingestion metadata; retain in the controlled data layer.,
Real Estate Projects,area_id,public,"Open, non-personal registry/dimension field suitable for public use with DLD attribution.",Open
Real Estate Projects,area_name_ar,public,"Open, non-personal registry/dimension field suitable for public use with DLD attribution.",Open
Real Estate Projects,area_name_en,public,"Open, non-personal registry/dimension field suitable for public use with DLD attribution.",Open
Real Estate Projects,cancellation_date,public,"Open, non-personal registry/dimension field suitable for public use with DLD attribution.",Open
Real Estate Projects,completion_date,public,"Open, non-personal registry/dimension field suitable for public use with DLD attribution.",Open
Real Estate Projects,developer_id,public,"Open, non-personal registry/dimension field suitable for public use with DLD attribution.",Open
Real Estate Projects,developer_name,public,"Open, non-personal registry/dimension field suitable for public use with DLD attribution.",Open
Real Estate Projects,developer_number,public,"Open, non-personal registry/dimension field suitable for public use with DLD attribution.",Open
Real Estate Projects,escrow_agent_id,public,"Open, non-personal registry/dimension field suitable for public use with DLD attribution.",Open
Real Estate Projects,escrow_agent_name,public,"Open, non-personal registry/dimension field suitable for public use with DLD attribution.",Open
Real Estate Projects,master_developer_id,public,"Open, non-personal registry/dimension field suitable for public use with DLD attribution.",Open
Real Estate Projects,master_developer_name,public,"Open, non-personal registry/dimension field suitable for public use with DLD attribution.",Open
Real Estate Projects,master_developer_number,public,"Open, non-personal registry/dimension field suitable for public use with DLD attribution.",Open
Real Estate Projects,master_project_ar,public,"Open, non-personal registry/dimension field suitable for public use with DLD attribution.",Open
Real Estate Projects,master_project_en,public,"Open, non-personal registry/dimension field suitable for public use with DLD attribution.",Open
Real Estate Projects,no_of_buildings,public,"Open, non-personal registry/dimension field suitable for public use with DLD attribution.",Open
Real Estate Projects,no_of_lands,public,"Open, non-personal registry/dimension field suitable for public use with DLD attribution.",Open
Real Estate Projects,no_of_units,public,"Open, non-personal registry/dimension field suitable for public use with DLD attribution.",Open
Real Estate Projects,no_of_villas,public,"Open, non-personal registry/dimension field suitable for public use with DLD attribution.",Open
Real Estate Projects,percent_completed,public,"Open, non-personal registry/dimension field suitable for public use with DLD attribution.",Open
Real Estate Projects,project_classification_ar,public,"Open, non-personal registry/dimension field suitable for public use with DLD attribution.",Open
Real Estate Projects,project_classification_id,public,"Open, non-personal registry/dimension field suitable for public use with DLD attribution.",Open
Real Estate Projects,project_description_ar,public,"Open, non-personal registry/dimension field suitable for public use with DLD attribution.",Open
Real Estate Projects,project_description_en,public,"Open, non-personal registry/dimension field suitable for public use with DLD attribution.",Open
Real Estate Projects,project_end_date,public,"Open, non-personal registry/dimension field suitable for public use with DLD attribution.",Open
Real Estate Projects,project_id,public,"Open, non-personal registry/dimension field suitable for public use with DLD attribution.",Open
Real Estate Projects,project_name,public,"Open, non-personal registry/dimension field suitable for public use with DLD attribution.",Open
Real Estate Projects,project_number,public,"Open, non-personal registry/dimension field suitable for public use with DLD attribution.",Open
Real Estate Projects,project_start_date,public,"Open, non-personal registry/dimension field suitable for public use with DLD attribution.",Open
Real Estate Projects,project_status,public,"Open, non-personal registry/dimension field suitable for public use with DLD attribution.",Open
Real Estate Projects,project_status_ar,public,"Open, non-personal registry/dimension field suitable for public use with DLD attribution.",Open
Real Estate Projects,project_type_ar,public,"Open, non-personal registry/dimension field suitable for public use with DLD attribution.",Open
Real Estate Projects,project_type_id,public,"Open, non-personal registry/dimension field suitable for public use with DLD attribution.",Open
Real Estate Projects,property_id,internal,Operational identifier/contact or ingestion metadata; retain in the controlled data layer.,Open
Real Estate Projects,zoning_authority_ar,public,"Open, non-personal registry/dimension field suitable for public use with DLD attribution.",Open
Real Estate Projects,zoning_authority_en,public,"Open, non-personal registry/dimension field suitable for public use with DLD attribution.",Open
Real Estate Projects,zoning_authority_id,public,"Open, non-personal registry/dimension field suitable for public use with DLD attribution.",Open
Real Estate Projects,load_timestamp,internal,Operational identifier/contact or ingestion metadata; retain in the controlled data layer.,
Real Estate Transactions,actual_worth,aggregate-only,Granular property/transaction/rent measure; publish only through controlled aggregates.,Open
Real Estate Transactions,area_id,public,"Non-personal market dimension suitable for labels, filters, and methodology.",Open
Real Estate Transactions,area_name_ar,public,"Non-personal market dimension suitable for labels, filters, and methodology.",Open
Real Estate Transactions,area_name_en,public,"Non-personal market dimension suitable for labels, filters, and methodology.",Open
Real Estate Transactions,building_name_ar,public,"Non-personal market dimension suitable for labels, filters, and methodology.",Open
Real Estate Transactions,building_name_en,public,"Non-personal market dimension suitable for labels, filters, and methodology.",Open
Real Estate Transactions,has_parking,public,"Non-personal market dimension suitable for labels, filters, and methodology.",Open
Real Estate Transactions,instance_date,aggregate-only,Granular property/transaction/rent measure; publish only through controlled aggregates.,Open
Real Estate Transactions,master_project_ar,aggregate-only,Granular property/transaction/rent measure; publish only through controlled aggregates.,Open
Real Estate Transactions,master_project_en,aggregate-only,Granular property/transaction/rent measure; publish only through controlled aggregates.,Open
Real Estate Transactions,meter_rent_price,aggregate-only,Granular property/transaction/rent measure; publish only through controlled aggregates.,Open
Real Estate Transactions,meter_sale_price,aggregate-only,Granular property/transaction/rent measure; publish only through controlled aggregates.,Open
Real Estate Transactions,nearest_landmark_ar,aggregate-only,Granular property/transaction/rent measure; publish only through controlled aggregates.,Open
Real Estate Transactions,nearest_landmark_en,aggregate-only,Granular property/transaction/rent measure; publish only through controlled aggregates.,Open
Real Estate Transactions,nearest_mall_ar,aggregate-only,Granular property/transaction/rent measure; publish only through controlled aggregates.,Open
Real Estate Transactions,nearest_mall_en,aggregate-only,Granular property/transaction/rent measure; publish only through controlled aggregates.,Open
Real Estate Transactions,nearest_metro_ar,aggregate-only,Granular property/transaction/rent measure; publish only through controlled aggregates.,Open
Real Estate Transactions,nearest_metro_en,aggregate-only,Granular property/transaction/rent measure; publish only through controlled aggregates.,Open
Real Estate Transactions,no_of_parties_role_1,aggregate-only,Granular property/transaction/rent measure; publish only through controlled aggregates.,Open
Real Estate Transactions,no_of_parties_role_2,aggregate-only,Granular property/transaction/rent measure; publish only through controlled aggregates.,Open
Real Estate Transactions,no_of_parties_role_3,aggregate-only,Granular property/transaction/rent measure; publish only through controlled aggregates.,Open
Real Estate Transactions,procedure_area,aggregate-only,Granular property/transaction/rent measure; publish only through controlled aggregates.,Open
Real Estate Transactions,procedure_id,aggregate-only,Granular property/transaction/rent measure; publish only through controlled aggregates.,Open
Real Estate Transactions,procedure_name_ar,public,"Non-personal market dimension suitable for labels, filters, and methodology.",Open
Real Estate Transactions,procedure_name_en,public,"Non-personal market dimension suitable for labels, filters, and methodology.",Open
Real Estate Transactions,project_name_ar,public,"Non-personal market dimension suitable for labels, filters, and methodology.",Open
Real Estate Transactions,project_name_en,public,"Non-personal market dimension suitable for labels, filters, and methodology.",Open
Real Estate Transactions,project_number,aggregate-only,Granular property/transaction/rent measure; publish only through controlled aggregates.,Open
Real Estate Transactions,property_sub_type_ar,public,"Non-personal market dimension suitable for labels, filters, and methodology.",Open
Real Estate Transactions,property_sub_type_en,public,"Non-personal market dimension suitable for labels, filters, and methodology.",Open
Real Estate Transactions,property_sub_type_id,public,"Non-personal market dimension suitable for labels, filters, and methodology.",Open
Real Estate Transactions,property_type_ar,public,"Non-personal market dimension suitable for labels, filters, and methodology.",Open
Real Estate Transactions,property_type_en,public,"Non-personal market dimension suitable for labels, filters, and methodology.",Open
Real Estate Transactions,property_type_id,public,"Non-personal market dimension suitable for labels, filters, and methodology.",Open
Real Estate Transactions,property_usage_ar,public,"Non-personal market dimension suitable for labels, filters, and methodology.",Open
Real Estate Transactions,property_usage_en,public,"Non-personal market dimension suitable for labels, filters, and methodology.",Open
Real Estate Transactions,reg_type_ar,public,"Non-personal market dimension suitable for labels, filters, and methodology.",Open
Real Estate Transactions,reg_type_en,public,"Non-personal market dimension suitable for labels, filters, and methodology.",Open
Real Estate Transactions,reg_type_id,public,"Non-personal market dimension suitable for labels, filters, and methodology.",Open
Real Estate Transactions,rent_value,aggregate-only,Granular property/transaction/rent measure; publish only through controlled aggregates.,Open
Real Estate Transactions,rooms_ar,public,"Non-personal market dimension suitable for labels, filters, and methodology.",Open
Real Estate Transactions,rooms_en,public,"Non-personal market dimension suitable for labels, filters, and methodology.",Open
Real Estate Transactions,transaction_id,internal,Operational identifier/contact or ingestion metadata; retain in the controlled data layer.,Open
Real Estate Transactions,trans_group_ar,aggregate-only,Granular property/transaction/rent measure; publish only through controlled aggregates.,Open
Real Estate Transactions,trans_group_en,aggregate-only,Granular property/transaction/rent measure; publish only through controlled aggregates.,Open
Real Estate Transactions,trans_group_id,aggregate-only,Granular property/transaction/rent measure; publish only through controlled aggregates.,Open
Real Estate Transactions,load_timestamp,internal,Operational identifier/contact or ingestion metadata; retain in the controlled data layer.,
Registered Freehold Real Estate Units,actual_area,aggregate-only,Granular property/transaction/rent measure; publish only through controlled aggregates.,Open
Registered Freehold Real Estate Units,actual_common_area,aggregate-only,Granular property/transaction/rent measure; publish only through controlled aggregates.,Open
Registered Freehold Real Estate Units,area_id,public,"Non-personal market dimension suitable for labels, filters, and methodology.",Open
Registered Freehold Real Estate Units,area_name_ar,public,"Non-personal market dimension suitable for labels, filters, and methodology.",Open
Registered Freehold Real Estate Units,area_name_en,public,"Non-personal market dimension suitable for labels, filters, and methodology.",Open
Registered Freehold Real Estate Units,building_number,internal,Granular property locator; not suitable for public row-level exposure.,Open
Registered Freehold Real Estate Units,common_area,aggregate-only,Granular property/transaction/rent measure; publish only through controlled aggregates.,Open
Registered Freehold Real Estate Units,creation_date,aggregate-only,Granular property/transaction/rent measure; publish only through controlled aggregates.,Open
Registered Freehold Real Estate Units,floor,aggregate-only,Granular property/transaction/rent measure; publish only through controlled aggregates.,Open
Registered Freehold Real Estate Units,grandparent_property_id,internal,Operational identifier/contact or ingestion metadata; retain in the controlled data layer.,Open
Registered Freehold Real Estate Units,is_free_hold,public,"Non-personal market dimension suitable for labels, filters, and methodology.",Open
Registered Freehold Real Estate Units,is_lease_hold,public,"Non-personal market dimension suitable for labels, filters, and methodology.",Open
Registered Freehold Real Estate Units,is_registered,public,"Non-personal market dimension suitable for labels, filters, and methodology.",Open
Registered Freehold Real Estate Units,land_number,internal,Granular property locator; not suitable for public row-level exposure.,Open
Registered Freehold Real Estate Units,land_sub_number,internal,Granular property locator; not suitable for public row-level exposure.,Open
Registered Freehold Real Estate Units,land_type_ar,public,"Non-personal market dimension suitable for labels, filters, and methodology.",Open
Registered Freehold Real Estate Units,land_type_en,public,"Non-personal market dimension suitable for labels, filters, and methodology.",Open
Registered Freehold Real Estate Units,land_type_id,aggregate-only,Granular property/transaction/rent measure; publish only through controlled aggregates.,Open
Registered Freehold Real Estate Units,master_project_ar,aggregate-only,Granular property/transaction/rent measure; publish only through controlled aggregates.,Open
Registered Freehold Real Estate Units,master_project_en,aggregate-only,Granular property/transaction/rent measure; publish only through controlled aggregates.,Open
Registered Freehold Real Estate Units,master_project_id,aggregate-only,Granular property/transaction/rent measure; publish only through controlled aggregates.,Open
Registered Freehold Real Estate Units,munc_number,internal,Granular property locator; not suitable for public row-level exposure.,Open
Registered Freehold Real Estate Units,munc_zip_code,internal,Granular property locator; not suitable for public row-level exposure.,Open
Registered Freehold Real Estate Units,parcel_id,internal,Operational identifier/contact or ingestion metadata; retain in the controlled data layer.,Open
Registered Freehold Real Estate Units,parent_property_id,internal,Operational identifier/contact or ingestion metadata; retain in the controlled data layer.,Open
Registered Freehold Real Estate Units,parking_allocation_type,aggregate-only,Granular property/transaction/rent measure; publish only through controlled aggregates.,Open
Registered Freehold Real Estate Units,parking_allocation_type_ar,public,"Non-personal market dimension suitable for labels, filters, and methodology.",Open
Registered Freehold Real Estate Units,parking_allocation_type_en,public,"Non-personal market dimension suitable for labels, filters, and methodology.",Open
Registered Freehold Real Estate Units,pre_registration_number,internal,Operational identifier/contact or ingestion metadata; retain in the controlled data layer.,Open
Registered Freehold Real Estate Units,project_id,aggregate-only,Granular property/transaction/rent measure; publish only through controlled aggregates.,Open
Registered Freehold Real Estate Units,project_name_ar,public,"Non-personal market dimension suitable for labels, filters, and methodology.",Open
Registered Freehold Real Estate Units,project_name_en,public,"Non-personal market dimension suitable for labels, filters, and methodology.",Open
Registered Freehold Real Estate Units,property_id,internal,Operational identifier/contact or ingestion metadata; retain in the controlled data layer.,Open
Registered Freehold Real Estate Units,property_sub_type_ar,public,"Non-personal market dimension suitable for labels, filters, and methodology.",Open
Registered Freehold Real Estate Units,property_sub_type_en,public,"Non-personal market dimension suitable for labels, filters, and methodology.",Open
Registered Freehold Real Estate Units,property_sub_type_id,public,"Non-personal market dimension suitable for labels, filters, and methodology.",Open
Registered Freehold Real Estate Units,property_type_ar,public,"Non-personal market dimension suitable for labels, filters, and methodology.",Open
Registered Freehold Real Estate Units,property_type_en,public,"Non-personal market dimension suitable for labels, filters, and methodology.",Open
Registered Freehold Real Estate Units,property_type_id,public,"Non-personal market dimension suitable for labels, filters, and methodology.",Open
Registered Freehold Real Estate Units,rooms,public,"Non-personal market dimension suitable for labels, filters, and methodology.",Open
Registered Freehold Real Estate Units,rooms_ar,public,"Non-personal market dimension suitable for labels, filters, and methodology.",Open
Registered Freehold Real Estate Units,rooms_en,public,"Non-personal market dimension suitable for labels, filters, and methodology.",Open
Registered Freehold Real Estate Units,unit_balcony_area,aggregate-only,Granular property/transaction/rent measure; publish only through controlled aggregates.,Open
Registered Freehold Real Estate Units,unit_number,internal,Granular property locator; not suitable for public row-level exposure.,Open
Registered Freehold Real Estate Units,unit_parking_number,aggregate-only,Granular property/transaction/rent measure; publish only through controlled aggregates.,Open
Registered Freehold Real Estate Units,zone_id,aggregate-only,Granular property/transaction/rent measure; publish only through controlled aggregates.,Open
Registered Freehold Real Estate Units,load_timestamp,internal,Operational identifier/contact or ingestion metadata; retain in the controlled data layer.,
Rent Contracts,actual_area,aggregate-only,Granular property/transaction/rent measure; publish only through controlled aggregates.,Open
Rent Contracts,annual_amount,aggregate-only,Granular property/transaction/rent measure; publish only through controlled aggregates.,Open
Rent Contracts,area_id,public,"Non-personal market dimension suitable for labels, filters, and methodology.",Open
Rent Contracts,area_name_ar,public,"Non-personal market dimension suitable for labels, filters, and methodology.",Open
Rent Contracts,area_name_en,public,"Non-personal market dimension suitable for labels, filters, and methodology.",Open
Rent Contracts,contract_amount,aggregate-only,Granular property/transaction/rent measure; publish only through controlled aggregates.,Open
Rent Contracts,contract_end_date,aggregate-only,Granular property/transaction/rent measure; publish only through controlled aggregates.,Open
Rent Contracts,contract_id,internal,Operational identifier/contact or ingestion metadata; retain in the controlled data layer.,Open
Rent Contracts,contract_reg_type_ar,public,"Non-personal market dimension suitable for labels, filters, and methodology.",Open
Rent Contracts,contract_reg_type_en,public,"Non-personal market dimension suitable for labels, filters, and methodology.",Open
Rent Contracts,contract_reg_type_id,public,"Non-personal market dimension suitable for labels, filters, and methodology.",Open
Rent Contracts,contract_start_date,aggregate-only,Granular property/transaction/rent measure; publish only through controlled aggregates.,Open
Rent Contracts,ejari_bus_property_type_ar,public,"Non-personal market dimension suitable for labels, filters, and methodology.",Open
Rent Contracts,ejari_bus_property_type_en,public,"Non-personal market dimension suitable for labels, filters, and methodology.",Open
Rent Contracts,ejari_bus_property_type_id,public,"Non-personal market dimension suitable for labels, filters, and methodology.",Open
Rent Contracts,ejari_property_sub_type_ar,public,"Non-personal market dimension suitable for labels, filters, and methodology.",Open
Rent Contracts,ejari_property_sub_type_en,public,"Non-personal market dimension suitable for labels, filters, and methodology.",Open
Rent Contracts,ejari_property_sub_type_id,public,"Non-personal market dimension suitable for labels, filters, and methodology.",Open
Rent Contracts,ejari_property_type_ar,public,"Non-personal market dimension suitable for labels, filters, and methodology.",Open
Rent Contracts,ejari_property_type_en,public,"Non-personal market dimension suitable for labels, filters, and methodology.",Open
Rent Contracts,ejari_property_type_id,public,"Non-personal market dimension suitable for labels, filters, and methodology.",Open
Rent Contracts,is_free_hold,public,"Non-personal market dimension suitable for labels, filters, and methodology.",Open
Rent Contracts,line_number,aggregate-only,Granular property/transaction/rent measure; publish only through controlled aggregates.,Open
Rent Contracts,master_project_ar,aggregate-only,Granular property/transaction/rent measure; publish only through controlled aggregates.,Open
Rent Contracts,master_project_en,aggregate-only,Granular property/transaction/rent measure; publish only through controlled aggregates.,Open
Rent Contracts,nearest_landmark_ar,aggregate-only,Granular property/transaction/rent measure; publish only through controlled aggregates.,Open
Rent Contracts,nearest_landmark_en,aggregate-only,Granular property/transaction/rent measure; publish only through controlled aggregates.,Open
Rent Contracts,nearest_mall_ar,aggregate-only,Granular property/transaction/rent measure; publish only through controlled aggregates.,Open
Rent Contracts,nearest_mall_en,aggregate-only,Granular property/transaction/rent measure; publish only through controlled aggregates.,Open
Rent Contracts,nearest_metro_ar,aggregate-only,Granular property/transaction/rent measure; publish only through controlled aggregates.,Open
Rent Contracts,nearest_metro_en,aggregate-only,Granular property/transaction/rent measure; publish only through controlled aggregates.,Open
Rent Contracts,no_of_prop,aggregate-only,Granular property/transaction/rent measure; publish only through controlled aggregates.,Open
Rent Contracts,project_name_ar,public,"Non-personal market dimension suitable for labels, filters, and methodology.",Open
Rent Contracts,project_name_en,public,"Non-personal market dimension suitable for labels, filters, and methodology.",Open
Rent Contracts,project_number,aggregate-only,Granular property/transaction/rent measure; publish only through controlled aggregates.,Open
Rent Contracts,property_usage_ar,public,"Non-personal market dimension suitable for labels, filters, and methodology.",Open
Rent Contracts,property_usage_en,public,"Non-personal market dimension suitable for labels, filters, and methodology.",Open
Rent Contracts,tenant_type_ar,public,"Non-personal market dimension suitable for labels, filters, and methodology.",Open
Rent Contracts,tenant_type_en,public,"Non-personal market dimension suitable for labels, filters, and methodology.",Open
Rent Contracts,tenant_type_id,public,"Non-personal market dimension suitable for labels, filters, and methodology.",Open
Rent Contracts,load_timestamp,internal,Operational identifier/contact or ingestion metadata; retain in the controlled data layer.,
Residential Sale Index,all_monthly_index,public,"Open, non-personal registry/dimension field suitable for public use with DLD attribution.",Open
Residential Sale Index,all_monthly_price_index,public,"Open, non-personal registry/dimension field suitable for public use with DLD attribution.",Open
Residential Sale Index,all_quarterly_index,public,"Open, non-personal registry/dimension field suitable for public use with DLD attribution.",Open
Residential Sale Index,all_quarterly_price_index,public,"Open, non-personal registry/dimension field suitable for public use with DLD attribution.",Open
Residential Sale Index,all_yearly_index,public,"Open, non-personal registry/dimension field suitable for public use with DLD attribution.",Open
Residential Sale Index,all_yearly_price_index,public,"Open, non-personal registry/dimension field suitable for public use with DLD attribution.",Open
Residential Sale Index,first_date_of_month,public,"Open, non-personal registry/dimension field suitable for public use with DLD attribution.",Open
Residential Sale Index,flat_monthly_index,public,"Open, non-personal registry/dimension field suitable for public use with DLD attribution.",Open
Residential Sale Index,flat_monthly_price_index,public,"Open, non-personal registry/dimension field suitable for public use with DLD attribution.",Open
Residential Sale Index,flat_quarterly_index,public,"Open, non-personal registry/dimension field suitable for public use with DLD attribution.",Open
Residential Sale Index,flat_quarterly_price_index,public,"Open, non-personal registry/dimension field suitable for public use with DLD attribution.",Open
Residential Sale Index,flat_yearly_index,public,"Open, non-personal registry/dimension field suitable for public use with DLD attribution.",Open
Residential Sale Index,flat_yearly_price_index,public,"Open, non-personal registry/dimension field suitable for public use with DLD attribution.",Open
Residential Sale Index,villa_monthly_index,public,"Open, non-personal registry/dimension field suitable for public use with DLD attribution.",Open
Residential Sale Index,villa_monthly_price_index,public,"Open, non-personal registry/dimension field suitable for public use with DLD attribution.",Open
Residential Sale Index,villa_quarterly_index,public,"Open, non-personal registry/dimension field suitable for public use with DLD attribution.",Open
Residential Sale Index,villa_quarterly_price_index,public,"Open, non-personal registry/dimension field suitable for public use with DLD attribution.",Open
Residential Sale Index,villa_yearly_index,public,"Open, non-personal registry/dimension field suitable for public use with DLD attribution.",Open
Residential Sale Index,villa_yearly_price_index,public,"Open, non-personal registry/dimension field suitable for public use with DLD attribution.",Open
Residential Sale Index,load_timestamp,internal,Operational identifier/contact or ingestion metadata; retain in the controlled data layer.,
