period,records,sales,market_sale_candidates,mortgages,gifts
1966-01,1,0,0,1,0
1967-11,1,0,0,1,0
1975-01,1,1,1,0,0
1975-06,1,0,0,1,0
1975-07,1,0,0,1,0
1975-11,1,0,0,1,0
1976-02,1,0,0,1,0
1976-04,1,0,0,1,0
1976-05,1,0,0,1,0
1976-06,2,0,0,2,0
1976-09,1,0,0,1,0
1977-02,1,0,0,1,0
1977-04,3,0,0,3,0
1977-07,1,0,0,1,0
1977-10,1,0,0,1,0
1978-02,1,0,0,1,0
1978-03,1,0,0,1,0
1978-04,1,0,0,1,0
1978-06,2,0,0,2,0
1979-01,1,0,0,1,0
1979-06,1,0,0,1,0
1980-02,1,0,0,1,0
1980-04,1,0,0,1,0
1980-08,1,0,0,1,0
1980-09,2,0,0,2,0
1981-11,1,0,0,1,0
1982-05,1,0,0,1,0
1982-09,2,0,0,2,0
1982-11,1,0,0,1,0
1983-01,1,0,0,1,0
1983-05,1,0,0,1,0
1983-06,1,0,0,1,0
1983-10,2,0,0,2,0
1983-12,1,0,0,1,0
1984-01,1,0,0,1,0
1984-02,4,0,0,4,0
1984-03,1,0,0,1,0
1984-05,1,0,0,1,0
1984-06,2,0,0,2,0
1984-09,1,0,0,1,0
1984-10,1,0,0,1,0
1984-12,1,0,0,1,0
1985-01,1,0,0,1,0
1985-03,1,0,0,1,0
1985-04,2,0,0,2,0
1985-05,1,0,0,1,0
1985-06,1,0,0,1,0
1985-07,1,0,0,1,0
1985-09,1,0,0,1,0
1985-12,1,0,0,1,0
1986-01,3,0,0,3,0
1986-02,1,0,0,1,0
1986-04,1,0,0,1,0
1986-10,1,0,0,1,0
1986-12,3,0,0,3,0
1987-02,1,0,0,1,0
1987-05,1,0,0,1,0
1987-07,1,0,0,1,0
1987-09,6,0,0,6,0
1987-10,2,0,0,2,0
1987-11,1,0,0,1,0
1988-01,1,0,0,1,0
1988-02,1,0,0,1,0
1988-03,1,0,0,1,0
1988-04,3,0,0,3,0
1988-05,6,0,0,6,0
1988-06,1,0,0,1,0
1988-07,3,0,0,3,0
1988-09,3,0,0,3,0
1988-10,3,0,0,3,0
1988-11,3,0,0,3,0
1988-12,2,0,0,2,0
1989-01,1,0,0,1,0
1989-02,2,0,0,2,0
1989-04,2,0,0,2,0
1989-05,3,0,0,3,0
1989-06,5,0,0,5,0
1989-07,2,0,0,2,0
1989-08,5,0,0,5,0
1989-09,6,0,0,6,0
1989-10,2,0,0,2,0
1989-12,4,0,0,4,0
1990-01,5,0,0,5,0
1990-02,3,1,1,2,0
1990-03,6,0,0,6,0
1990-04,3,0,0,3,0
1990-05,3,0,0,3,0
1990-06,3,0,0,3,0
1990-07,4,0,0,4,0
1990-08,1,0,0,1,0
1990-09,1,0,0,1,0
1990-10,4,0,0,4,0
1990-11,7,0,0,7,0
1990-12,2,0,0,2,0
1991-02,1,0,0,1,0
1991-03,1,0,0,1,0
1991-04,2,0,0,2,0
1991-07,4,0,0,4,0
1991-08,1,0,0,1,0
1991-09,6,0,0,6,0
1991-10,4,0,0,4,0
1991-11,2,0,0,2,0
1991-12,3,0,0,3,0
1992-01,3,0,0,3,0
1992-02,2,0,0,2,0
1992-03,3,0,0,3,0
1992-04,4,1,1,3,0
1992-05,7,0,0,7,0
1992-06,4,0,0,4,0
1992-07,6,0,0,6,0
1992-08,4,0,0,4,0
1992-09,4,0,0,4,0
1992-10,6,0,0,6,0
1992-11,2,0,0,2,0
1992-12,3,0,0,3,0
1993-01,8,1,1,7,0
1993-02,7,0,0,7,0
1993-03,3,0,0,3,0
1993-04,6,0,0,6,0
1993-05,5,0,0,5,0
1993-06,4,0,0,4,0
1993-07,12,0,0,12,0
1993-08,2,0,0,2,0
1993-09,5,0,0,5,0
1993-10,11,0,0,11,0
1993-11,7,0,0,7,0
1993-12,13,0,0,13,0
1994-01,7,0,0,7,0
1994-02,5,0,0,5,0
1994-03,7,0,0,7,0
1994-04,12,0,0,12,0
1994-05,17,0,0,17,0
1994-06,8,0,0,8,0
1994-07,15,0,0,15,0
1994-08,5,0,0,5,0
1994-09,10,0,0,10,0
1994-10,8,0,0,8,0
1994-11,8,0,0,8,0
1994-12,17,0,0,17,0
1995-01,7,0,0,7,0
1995-02,8,0,0,8,0
1995-03,13,0,0,13,0
1995-04,8,0,0,8,0
1995-05,17,0,0,17,0
1995-06,7,0,0,7,0
1995-07,13,0,0,13,0
1995-08,15,0,0,15,0
1995-09,11,0,0,11,0
1995-10,14,0,0,14,0
1995-11,10,0,0,10,0
1995-12,6,0,0,6,0
1996-01,10,0,0,10,0
1996-02,4,0,0,4,0
1996-03,11,0,0,11,0
1996-04,7,0,0,7,0
1996-05,8,0,0,8,0
1996-06,15,0,0,15,0
1996-07,25,0,0,25,0
1996-08,35,0,0,35,0
1996-09,13,0,0,13,0
1996-10,12,0,0,12,0
1996-11,15,0,0,15,0
1996-12,11,0,0,11,0
1997-01,11,0,0,11,0
1997-02,23,0,0,23,0
1997-03,14,0,0,14,0
1997-04,20,0,0,20,0
1997-05,25,0,0,25,0
1997-06,28,0,0,28,0
1997-07,24,0,0,24,0
1997-08,15,0,0,15,0
1997-09,14,1,1,13,0
1997-10,30,1,1,29,0
1997-11,35,12,12,23,0
1997-12,62,35,35,27,0
1998-01,41,24,24,17,0
1998-02,59,40,40,19,0
1998-03,129,82,82,47,0
1998-04,80,65,65,15,0
1998-05,254,236,236,18,0
1998-06,255,208,208,47,0
1998-07,171,134,134,37,0
1998-08,118,89,89,29,0
1998-09,150,129,129,21,0
1998-10,113,87,87,26,0
1998-11,156,120,120,36,0
1998-12,172,101,101,71,0
1999-01,118,41,41,77,0
1999-02,193,70,70,123,0
1999-03,274,79,79,194,1
1999-04,235,70,70,165,0
1999-05,315,94,94,221,0
1999-06,360,113,113,246,1
1999-07,322,69,69,253,0
1999-08,417,62,62,355,0
1999-09,245,58,58,187,0
1999-10,185,83,83,102,0
1999-11,208,89,89,118,1
1999-12,132,66,66,66,0
2000-01,117,48,48,69,0
2000-02,211,101,101,110,0
2000-03,148,67,67,80,1
2000-04,209,111,111,96,2
2000-05,228,110,110,117,1
2000-06,179,79,79,95,5
2000-07,299,92,92,195,12
2000-08,181,42,40,126,13
2000-09,140,43,41,91,6
2000-10,180,72,71,90,18
2000-11,241,91,91,122,28
2000-12,170,55,55,107,8
2001-01,236,108,103,114,14
2001-02,186,116,114,53,17
2001-03,165,99,99,48,18
2001-04,222,117,115,86,19
2001-05,382,186,186,153,43
2001-06,247,111,109,103,33
2001-07,335,139,135,164,32
2001-08,185,86,82,86,13
2001-09,209,110,108,78,21
2001-10,258,137,137,90,31
2001-11,211,116,109,70,25
2001-12,289,115,115,167,7
2002-01,426,206,206,194,26
2002-02,361,184,180,159,18
2002-03,345,184,180,129,32
2002-04,384,238,232,121,25
2002-05,323,192,191,106,25
2002-06,431,174,172,239,18
2002-07,313,170,170,73,70
2002-08,161,80,79,59,22
2002-09,195,110,110,63,22
2002-10,238,138,136,83,17
2002-11,192,103,103,62,27
2002-12,222,138,138,57,27
2003-01,253,145,145,80,28
2003-02,270,122,121,128,20
2003-03,269,170,170,67,32
2003-04,339,173,173,144,22
2003-05,275,170,170,76,29
2003-06,358,218,218,96,44
2003-07,379,196,196,156,27
2003-08,165,96,96,62,7
2003-09,402,219,218,160,23
2003-10,271,195,193,48,28
2003-11,224,128,128,81,15
2003-12,428,234,234,166,28
2004-01,329,233,233,69,27
2004-02,236,167,167,49,20
2004-03,598,273,270,272,53
2004-04,466,290,287,142,34
2004-05,429,270,267,103,56
2004-06,401,295,290,69,37
2004-07,395,227,225,101,67
2004-08,420,184,181,208,28
2004-09,346,220,219,96,30
2004-10,285,203,203,69,13
2004-11,310,163,163,126,21
2004-12,413,293,289,87,33
2005-01,471,331,328,108,32
2005-02,450,280,274,117,53
2005-03,472,318,313,131,23
2005-04,381,243,237,111,27
2005-05,476,306,294,133,37
2005-06,459,205,194,225,29
2005-07,294,159,155,98,37
2005-08,269,121,112,120,28
2005-09,331,164,159,147,20
2005-10,282,160,155,91,31
2005-11,249,139,135,87,23
2005-12,331,134,132,177,20
2006-01,261,158,154,88,15
2006-02,371,161,159,185,25
2006-03,461,211,204,180,70
2006-04,428,206,205,195,27
2006-05,501,248,241,208,45
2006-06,407,230,225,152,25
2006-07,486,169,168,281,36
2006-08,299,144,141,140,15
2006-09,433,200,196,206,27
2006-10,402,235,233,142,25
2006-11,469,301,300,135,33
2006-12,575,397,395,161,17
2007-01,539,320,314,191,28
2007-02,469,261,234,190,18
2007-03,848,453,312,356,39
2007-04,650,388,330,228,34
2007-05,1008,507,430,453,48
2007-06,1266,800,662,445,21
2007-07,1495,862,583,608,25
2007-08,1539,836,662,693,10
2007-09,1397,885,719,486,26
2007-10,2012,1453,1265,522,37
2007-11,2065,1359,1043,678,28
2007-12,1557,958,721,586,13
2008-01,1578,1115,965,445,18
2008-02,1547,988,939,538,21
2008-03,2007,1493,1373,494,20
2008-04,2811,2123,1896,667,21
2008-05,2937,1902,1639,985,50
2008-06,3028,2090,1915,867,71
2008-07,3386,2550,2387,802,34
2008-08,3242,2396,2022,827,19
2008-09,2615,1974,1877,608,33
2008-10,2713,1940,1762,745,28
2008-11,3787,3082,2836,664,41
2008-12,2505,1981,1715,506,18
2009-01,4912,4356,4195,522,34
2009-02,4477,3782,3456,662,33
2009-03,4964,4007,3541,908,49
2009-04,9607,8517,8094,1039,51
2009-05,7747,6841,6434,873,33
2009-06,10450,8970,8291,1444,36
2009-07,8427,6731,6113,1655,41
2009-08,8168,6479,5808,1638,51
2009-09,4361,3146,2446,1183,32
2009-10,5940,3957,2516,1928,55
2009-11,4239,3166,2671,998,75
2009-12,3824,3026,2774,752,46
2010-01,2347,1732,1640,549,66
2010-02,4095,3265,2899,786,44
2010-03,9173,7489,6812,1579,105
2010-04,3901,2908,2633,901,92
2010-05,4296,2976,2461,1252,68
2010-06,5319,4058,3635,1214,47
2010-07,3634,2316,1770,1213,105
2010-08,4064,2846,2480,1137,81
2010-09,2048,1330,1198,673,45
2010-10,3072,2137,1950,829,106
2010-11,2384,1557,1353,747,80
2010-12,2312,1509,1350,697,106
2011-01,3543,2659,2338,800,84
2011-02,3853,2784,2465,1013,56
2011-03,4242,2877,2582,1284,81
2011-04,3195,2376,2141,729,90
2011-05,3154,2315,2008,738,101
2011-06,2824,2133,1886,621,70
2011-07,3428,2520,2074,825,83
2011-08,2566,1934,1707,584,48
2011-09,2696,1822,1582,819,55
2011-10,3313,2462,2093,760,91
2011-11,2595,1782,1602,721,92
2011-12,3532,2711,2413,736,85
2012-01,3304,2556,2252,674,74
2012-02,3659,2785,2483,739,135
2012-03,3152,2476,2264,573,103
2012-04,3860,3099,2831,675,86
2012-05,4281,3321,2907,877,83
2012-06,3546,2657,2471,783,106
2012-07,4087,3016,2671,960,111
2012-08,2524,1960,1778,470,94
2012-09,3600,2836,2410,720,44
2012-10,5011,4052,3551,893,66
2012-11,4130,3381,2973,711,38
2012-12,5118,4317,3958,721,80
2013-01,5463,4292,3729,1080,91
2013-02,5293,4133,3679,1062,98
2013-03,5396,4434,4070,897,65
2013-04,6986,5657,5065,1260,69
2013-05,6885,5729,5142,1078,78
2013-06,6460,5451,4778,942,67
2013-07,6960,5488,4825,1426,46
2013-08,3958,3220,2813,706,32
2013-09,7249,6110,5493,1091,48
2013-10,8874,7950,7363,847,77
2013-11,5195,4151,3737,980,64
2013-12,9197,7887,7466,1258,52
2014-01,6604,5409,4862,1147,48
2014-02,5658,4472,3997,1119,67
2014-03,6833,5616,5195,1135,82
2014-04,6765,5537,5014,1132,96
2014-05,5537,4484,3955,996,57
2014-06,6539,5239,4697,1213,87
2014-07,4000,3074,2672,876,50
2014-08,4964,4019,3599,861,84
2014-09,5413,4169,3695,1120,124
2014-10,5464,4319,3896,1061,84
2014-11,5970,4484,3850,1358,128
2014-12,6520,5163,4731,1273,84
2015-01,5306,4129,3796,1056,121
2015-02,4854,3544,3260,1219,91
2015-03,5000,3575,3211,1338,87
2015-04,4052,2847,2568,1092,113
2015-05,4970,3486,3134,1099,385
2015-06,5097,3589,3123,1292,216
2015-07,3213,2069,1765,1060,84
2015-08,4684,3321,2910,1181,182
2015-09,5134,3815,3371,1143,176
2015-10,4092,2911,2680,1050,131
2015-11,6246,4984,4575,1132,130
2015-12,5868,4524,4046,1115,229
2016-01,5322,4005,3692,1161,156
2016-02,6343,4998,4286,1211,134
2016-03,4281,2902,2569,1233,146
2016-04,4989,3800,3404,1027,162
2016-05,5008,3518,3136,1284,206
2016-06,5002,3452,3081,1352,198
2016-07,4352,3293,3066,932,127
2016-08,5771,4311,3816,1346,114
2016-09,3454,2240,1926,1100,114
2016-10,4641,3214,2764,1259,168
2016-11,5306,3684,3141,1459,163
2016-12,4529,3257,2863,1116,156
2017-01,5818,4468,4098,1188,162
2017-02,5506,4186,3919,1140,180
2017-03,6677,4830,4427,1598,249
2017-04,5828,4447,4108,1231,150
2017-05,6091,4333,4039,1576,182
2017-06,3576,2472,2217,989,115
2017-07,5384,3814,3505,1368,202
2017-08,5790,4226,3983,1334,230
2017-09,4163,2728,2537,1073,362
2017-10,5426,3812,3587,1397,217
2017-11,4625,3159,2959,1252,214
2017-12,5580,3726,3457,1263,591
2018-01,4852,3210,2957,1410,232
2018-02,4054,2801,2586,1067,186
2018-03,4162,2671,2458,1211,280
2018-04,4340,2818,2639,1310,212
2018-05,4890,3379,3176,1297,214
2018-06,3706,2239,2067,1236,231
2018-07,4409,2820,2599,1211,378
2018-08,3414,1564,1439,937,913
2018-09,3403,2422,2128,869,112
2018-10,4760,3259,3021,1260,241
2018-11,4040,2602,2421,964,474
2018-12,4145,2401,2225,1118,626
2019-01,3408,2134,2005,965,309
2019-02,4044,2890,2767,951,203
2019-03,3931,2635,2514,918,378
2019-04,4607,3245,3039,982,380
2019-05,4378,3175,3061,960,243
2019-06,3290,2043,1944,703,544
2019-07,5275,3842,3722,1146,287
2019-08,3361,2181,2095,974,206
2019-09,4780,3038,2954,1378,364
2019-10,6193,4586,4469,1281,326
2019-11,4294,3004,2904,1077,213
2019-12,5480,4138,4033,1078,264
2020-01,4027,2633,2546,1118,276
2020-02,5291,3676,3570,1210,405
2020-03,4577,3039,2936,1223,315
2020-04,1915,1579,1556,293,43
2020-05,1843,1257,1212,495,91
2020-06,3403,2195,2117,1023,185
2020-07,3944,2474,2349,1134,336
2020-08,3610,2237,2157,1192,181
2020-09,4841,3118,3010,1350,373
2020-10,5373,3655,3548,1388,330
2020-11,5397,3871,3728,1276,250
2020-12,4871,3505,3412,1151,215
2021-01,6243,3109,2997,2854,280
2021-02,5092,3421,3255,1396,275
2021-03,6886,4837,4674,1773,276
2021-04,6614,4753,4561,1536,325
2021-05,5859,4257,4173,1404,198
2021-06,8121,6071,5712,1725,325
2021-07,5858,4335,4218,1320,203
2021-08,7417,5556,5454,1539,322
2021-09,7515,5631,5446,1560,324
2021-10,6857,4958,4854,1545,354
2021-11,9109,7091,6950,1596,422
2021-12,6996,5462,5351,1197,337
2022-01,7061,5609,5510,1248,204
2022-02,7784,6115,5998,1398,271
2022-03,10457,8277,8133,1681,499
2022-04,8494,6785,6663,1401,308
2022-05,8103,6501,6355,1262,340
2022-06,11085,8631,8423,2043,411
2022-07,9130,7148,6995,1624,358
2022-08,11796,9432,9247,1875,489
2022-09,10720,8582,8329,1669,469
2022-10,10490,8452,8239,1639,399
2022-11,13463,11163,10945,1935,365
2022-12,11308,8969,8788,1768,571
2023-01,11650,9604,9379,1678,368
2023-02,11742,9297,9127,1584,861
2023-03,15114,11919,11609,1932,1263
2023-04,9764,7967,7819,1544,253
2023-05,14608,11583,11373,2481,544
2023-06,12945,10464,10248,2036,445
2023-07,13788,11034,10800,2130,624
2023-08,14804,11737,11478,2547,520
2023-09,16287,13391,13119,2352,544
2023-10,14994,11818,11516,2646,530
2023-11,15319,12028,11834,2671,620
2023-12,14282,11194,10924,2213,875
2024-01,14590,11185,10874,2810,595
2024-02,14986,11916,11609,2481,589
2024-03,16264,13187,12881,2469,608
2024-04,14086,11556,11306,2136,394
2024-05,21567,17281,16907,3227,1059
2024-06,17413,14094,13785,2680,639
2024-07,21163,16339,15964,3791,1033
2024-08,19696,15949,15621,3122,625
2024-09,21628,17654,17350,3381,593
2024-10,24886,20358,20013,3649,879
2024-11,18717,14313,14001,3329,1075
2024-12,19556,15482,15200,2791,1283
2025-01,17717,14134,13908,2917,666
2025-02,19755,15950,15680,3110,695
2025-03,19180,15256,14991,3262,662
2025-04,22433,17793,17510,3730,910
2025-05,23315,18559,18235,3826,930
2025-06,20682,16509,16180,3429,744
2025-07,25092,20189,19859,4120,783
2025-08,22552,18301,18030,3512,739
2025-09,24857,20289,19965,3645,923
2025-10,24782,19721,19389,4000,1061
2025-11,23364,18730,18435,3876,758
2025-12,23310,19169,18896,3456,685
2026-01,21321,16882,16595,3614,825
2026-02,21345,17033,16719,3564,748
2026-03,17296,13850,13593,2972,474
2026-04,18154,14069,13601,3382,703
2026-05,13590,10443,9874,2410,737
2026-06,17799,13756,13382,3031,1012
2026-07,18730,13930,13500,4036,764
2026-08,16300,12173,11876,3493,634
2026-09,1420,1066,1056,278,76
