aggregate_key,entity_type,entity_id,name_en,name_ar,period_grain,period_start,period_end,metric_code,segment_type,segment_code,metric_value,observation_count,confidence,quality_flags,source_export_date,methodology_version
community:-1:year:2019-01-01:median_service_charge_sqft:all:all,community,-1,Unspecified,,year,2019-01-01,2019-12-31,median_service_charge_sqft,all,all,10.0,31,moderate,[],2026-09-08,dlx-aggregates-2
community:-1:year:2020-01-01:median_service_charge_sqft:all:all,community,-1,Unspecified,,year,2020-01-01,2020-12-31,median_service_charge_sqft,all,all,10.0,33,moderate,[],2026-09-08,dlx-aggregates-2
community:-1:year:2021-01-01:median_service_charge_sqft:all:all,community,-1,Unspecified,,year,2021-01-01,2021-12-31,median_service_charge_sqft,all,all,11.0,59,moderate,[],2026-09-08,dlx-aggregates-2
community:-1:year:2022-01-01:median_service_charge_sqft:all:all,community,-1,Unspecified,,year,2022-01-01,2022-12-31,median_service_charge_sqft,all,all,17.5,54,moderate,[],2026-09-08,dlx-aggregates-2
community:-1:year:2023-01-01:median_service_charge_sqft:all:all,community,-1,Unspecified,,year,2023-01-01,2023-12-31,median_service_charge_sqft,all,all,18.0,59,moderate,[],2026-09-08,dlx-aggregates-2
community:-10:year:2019-01-01:median_service_charge_sqft:all:all,community,-10,Jumeirah Village,,year,2019-01-01,2019-12-31,median_service_charge_sqft,all,all,8.5,86,moderate,[],2026-09-08,dlx-aggregates-2
community:-10:year:2020-01-01:median_service_charge_sqft:all:all,community,-10,Jumeirah Village,,year,2020-01-01,2020-12-31,median_service_charge_sqft,all,all,8.0,96,moderate,[],2026-09-08,dlx-aggregates-2
community:-10:year:2021-01-01:median_service_charge_sqft:all:all,community,-10,Jumeirah Village,,year,2021-01-01,2021-12-31,median_service_charge_sqft,all,all,10.0,96,moderate,[],2026-09-08,dlx-aggregates-2
community:-10:year:2022-01-01:median_service_charge_sqft:all:all,community,-10,Jumeirah Village,,year,2022-01-01,2022-12-31,median_service_charge_sqft,all,all,11.0,91,moderate,[],2026-09-08,dlx-aggregates-2
community:-10:year:2023-01-01:median_service_charge_sqft:all:all,community,-10,Jumeirah Village,,year,2023-01-01,2023-12-31,median_service_charge_sqft,all,all,13.0,82,moderate,[],2026-09-08,dlx-aggregates-2
community:-11:year:2019-01-01:median_service_charge_sqft:all:all,community,-11,Palm Jumeirah,,year,2019-01-01,2019-12-31,median_service_charge_sqft,all,all,16.0,44,moderate,[],2026-09-08,dlx-aggregates-2
community:-11:year:2020-01-01:median_service_charge_sqft:all:all,community,-11,Palm Jumeirah,,year,2020-01-01,2020-12-31,median_service_charge_sqft,all,all,15.0,55,moderate,[],2026-09-08,dlx-aggregates-2
community:-11:year:2021-01-01:median_service_charge_sqft:all:all,community,-11,Palm Jumeirah,,year,2021-01-01,2021-12-31,median_service_charge_sqft,all,all,16.5,56,moderate,[],2026-09-08,dlx-aggregates-2
community:-11:year:2022-01-01:median_service_charge_sqft:all:all,community,-11,Palm Jumeirah,,year,2022-01-01,2022-12-31,median_service_charge_sqft,all,all,17.0,61,moderate,[],2026-09-08,dlx-aggregates-2
community:-11:year:2023-01-01:median_service_charge_sqft:all:all,community,-11,Palm Jumeirah,,year,2023-01-01,2023-12-31,median_service_charge_sqft,all,all,27.0,44,moderate,[],2026-09-08,dlx-aggregates-2
community:106:year:2020-01-01:median_service_charge_sqft:all:all,community,106,Dubai Investment Park,,year,2020-01-01,2020-12-31,median_service_charge_sqft,all,all,6.0,37,moderate,[],2026-09-08,dlx-aggregates-2
community:106:year:2021-01-01:median_service_charge_sqft:all:all,community,106,Dubai Investment Park,,year,2021-01-01,2021-12-31,median_service_charge_sqft,all,all,5.0,37,moderate,[],2026-09-08,dlx-aggregates-2
community:106:year:2022-01-01:median_service_charge_sqft:all:all,community,106,Dubai Investment Park,,year,2022-01-01,2022-12-31,median_service_charge_sqft,all,all,5.0,33,moderate,[],2026-09-08,dlx-aggregates-2
community:112:year:2019-01-01:median_service_charge_sqft:all:all,community,112,Business Bay,,year,2019-01-01,2019-12-31,median_service_charge_sqft,all,all,18.0,41,moderate,[],2026-09-08,dlx-aggregates-2
community:112:year:2020-01-01:median_service_charge_sqft:all:all,community,112,Business Bay,,year,2020-01-01,2020-12-31,median_service_charge_sqft,all,all,15.0,53,moderate,[],2026-09-08,dlx-aggregates-2
community:112:year:2021-01-01:median_service_charge_sqft:all:all,community,112,Business Bay,,year,2021-01-01,2021-12-31,median_service_charge_sqft,all,all,15.5,62,moderate,[],2026-09-08,dlx-aggregates-2
community:112:year:2022-01-01:median_service_charge_sqft:all:all,community,112,Business Bay,,year,2022-01-01,2022-12-31,median_service_charge_sqft,all,all,18.0,61,moderate,[],2026-09-08,dlx-aggregates-2
community:112:year:2023-01-01:median_service_charge_sqft:all:all,community,112,Business Bay,,year,2023-01-01,2023-12-31,median_service_charge_sqft,all,all,27.0,63,moderate,[],2026-09-08,dlx-aggregates-2
community:12:year:2023-01-01:median_service_charge_sqft:all:all,community,12,Al Furjan,,year,2023-01-01,2023-12-31,median_service_charge_sqft,all,all,17.0,30,moderate,[],2026-09-08,dlx-aggregates-2
community:121:year:2019-01-01:median_service_charge_sqft:all:all,community,121,Meydan,,year,2019-01-01,2019-12-31,median_service_charge_sqft,all,all,11.0,35,moderate,[],2026-09-08,dlx-aggregates-2
community:121:year:2020-01-01:median_service_charge_sqft:all:all,community,121,Meydan,,year,2020-01-01,2020-12-31,median_service_charge_sqft,all,all,12.0,39,moderate,[],2026-09-08,dlx-aggregates-2
community:121:year:2021-01-01:median_service_charge_sqft:all:all,community,121,Meydan,,year,2021-01-01,2021-12-31,median_service_charge_sqft,all,all,12.0,40,moderate,[],2026-09-08,dlx-aggregates-2
community:121:year:2022-01-01:median_service_charge_sqft:all:all,community,121,Meydan,,year,2022-01-01,2022-12-31,median_service_charge_sqft,all,all,14.0,48,moderate,[],2026-09-08,dlx-aggregates-2
community:121:year:2023-01-01:median_service_charge_sqft:all:all,community,121,Meydan,,year,2023-01-01,2023-12-31,median_service_charge_sqft,all,all,16.0,56,moderate,[],2026-09-08,dlx-aggregates-2
community:13:year:2019-01-01:median_service_charge_sqft:all:all,community,13,Discovery Gardens,,year,2019-01-01,2019-12-31,median_service_charge_sqft,all,all,14.0,63,moderate,[],2026-09-08,dlx-aggregates-2
community:13:year:2021-01-01:median_service_charge_sqft:all:all,community,13,Discovery Gardens,,year,2021-01-01,2021-12-31,median_service_charge_sqft,all,all,14.0,64,moderate,[],2026-09-08,dlx-aggregates-2
community:13:year:2022-01-01:median_service_charge_sqft:all:all,community,13,Discovery Gardens,,year,2022-01-01,2022-12-31,median_service_charge_sqft,all,all,14.0,65,moderate,[],2026-09-08,dlx-aggregates-2
community:13:year:2023-01-01:median_service_charge_sqft:all:all,community,13,Discovery Gardens,,year,2023-01-01,2023-12-31,median_service_charge_sqft,all,all,14.0,66,moderate,[],2026-09-08,dlx-aggregates-2
community:19:year:2019-01-01:median_service_charge_sqft:all:all,community,19,Jumeirah Lakes Towers,,year,2019-01-01,2019-12-31,median_service_charge_sqft,all,all,15.0,38,moderate,[],2026-09-08,dlx-aggregates-2
community:19:year:2020-01-01:median_service_charge_sqft:all:all,community,19,Jumeirah Lakes Towers,,year,2020-01-01,2020-12-31,median_service_charge_sqft,all,all,16.0,42,moderate,[],2026-09-08,dlx-aggregates-2
community:19:year:2021-01-01:median_service_charge_sqft:all:all,community,19,Jumeirah Lakes Towers,,year,2021-01-01,2021-12-31,median_service_charge_sqft,all,all,16.0,37,moderate,[],2026-09-08,dlx-aggregates-2
community:19:year:2022-01-01:median_service_charge_sqft:all:all,community,19,Jumeirah Lakes Towers,,year,2022-01-01,2022-12-31,median_service_charge_sqft,all,all,15.0,38,moderate,[],2026-09-08,dlx-aggregates-2
community:23:year:2019-01-01:median_service_charge_sqft:all:all,community,23,International City,,year,2019-01-01,2019-12-31,median_service_charge_sqft,all,all,7.0,265,higher,[],2026-09-08,dlx-aggregates-2
community:23:year:2020-01-01:median_service_charge_sqft:all:all,community,23,International City,,year,2020-01-01,2020-12-31,median_service_charge_sqft,all,all,8.0,266,higher,[],2026-09-08,dlx-aggregates-2
community:23:year:2021-01-01:median_service_charge_sqft:all:all,community,23,International City,,year,2021-01-01,2021-12-31,median_service_charge_sqft,all,all,8.0,266,higher,[],2026-09-08,dlx-aggregates-2
community:23:year:2022-01-01:median_service_charge_sqft:all:all,community,23,International City,,year,2022-01-01,2022-12-31,median_service_charge_sqft,all,all,9.0,277,higher,[],2026-09-08,dlx-aggregates-2
community:23:year:2023-01-01:median_service_charge_sqft:all:all,community,23,International City,,year,2023-01-01,2023-12-31,median_service_charge_sqft,all,all,10.0,279,higher,[],2026-09-08,dlx-aggregates-2
community:34:year:2019-01-01:median_service_charge_sqft:all:all,community,34,Dubai Marina,,year,2019-01-01,2019-12-31,median_service_charge_sqft,all,all,19.0,80,moderate,[],2026-09-08,dlx-aggregates-2
community:34:year:2020-01-01:median_service_charge_sqft:all:all,community,34,Dubai Marina,,year,2020-01-01,2020-12-31,median_service_charge_sqft,all,all,18.0,85,moderate,[],2026-09-08,dlx-aggregates-2
community:34:year:2021-01-01:median_service_charge_sqft:all:all,community,34,Dubai Marina,,year,2021-01-01,2021-12-31,median_service_charge_sqft,all,all,16.0,93,moderate,[],2026-09-08,dlx-aggregates-2
community:34:year:2022-01-01:median_service_charge_sqft:all:all,community,34,Dubai Marina,,year,2022-01-01,2022-12-31,median_service_charge_sqft,all,all,16.0,95,moderate,[],2026-09-08,dlx-aggregates-2
community:34:year:2023-01-01:median_service_charge_sqft:all:all,community,34,Dubai Marina,,year,2023-01-01,2023-12-31,median_service_charge_sqft,all,all,18.0,76,moderate,[],2026-09-08,dlx-aggregates-2
community:517:year:2019-01-01:median_service_charge_sqft:all:all,community,517,Dubai Land,,year,2019-01-01,2019-12-31,median_service_charge_sqft,all,all,11.0,78,moderate,[],2026-09-08,dlx-aggregates-2
community:517:year:2020-01-01:median_service_charge_sqft:all:all,community,517,Dubai Land,,year,2020-01-01,2020-12-31,median_service_charge_sqft,all,all,11.0,90,moderate,[],2026-09-08,dlx-aggregates-2
community:517:year:2021-01-01:median_service_charge_sqft:all:all,community,517,Dubai Land,,year,2021-01-01,2021-12-31,median_service_charge_sqft,all,all,10.5,104,moderate,[],2026-09-08,dlx-aggregates-2
community:517:year:2022-01-01:median_service_charge_sqft:all:all,community,517,Dubai Land,,year,2022-01-01,2022-12-31,median_service_charge_sqft,all,all,11.0,117,moderate,[],2026-09-08,dlx-aggregates-2
community:517:year:2023-01-01:median_service_charge_sqft:all:all,community,517,Dubai Land,,year,2023-01-01,2023-12-31,median_service_charge_sqft,all,all,11.0,110,moderate,[],2026-09-08,dlx-aggregates-2
community:519:year:2019-01-01:median_service_charge_sqft:all:all,community,519,Dubai Silicon Oasis,,year,2019-01-01,2019-12-31,median_service_charge_sqft,all,all,12.0,39,moderate,[],2026-09-08,dlx-aggregates-2
community:519:year:2020-01-01:median_service_charge_sqft:all:all,community,519,Dubai Silicon Oasis,,year,2020-01-01,2020-12-31,median_service_charge_sqft,all,all,12.0,50,moderate,[],2026-09-08,dlx-aggregates-2
community:519:year:2021-01-01:median_service_charge_sqft:all:all,community,519,Dubai Silicon Oasis,,year,2021-01-01,2021-12-31,median_service_charge_sqft,all,all,12.0,50,moderate,[],2026-09-08,dlx-aggregates-2
community:519:year:2022-01-01:median_service_charge_sqft:all:all,community,519,Dubai Silicon Oasis,,year,2022-01-01,2022-12-31,median_service_charge_sqft,all,all,12.0,51,moderate,[],2026-09-08,dlx-aggregates-2
community:519:year:2023-01-01:median_service_charge_sqft:all:all,community,519,Dubai Silicon Oasis,,year,2023-01-01,2023-12-31,median_service_charge_sqft,all,all,13.0,50,moderate,[],2026-09-08,dlx-aggregates-2
community:9:year:2021-01-01:median_service_charge_sqft:all:all,community,9,Jumeirah Village Circle,,year,2021-01-01,2021-12-31,median_service_charge_sqft,all,all,14.0,46,moderate,[],2026-09-08,dlx-aggregates-2
community:9:year:2022-01-01:median_service_charge_sqft:all:all,community,9,Jumeirah Village Circle,,year,2022-01-01,2022-12-31,median_service_charge_sqft,all,all,14.0,55,moderate,[],2026-09-08,dlx-aggregates-2
community:9:year:2023-01-01:median_service_charge_sqft:all:all,community,9,Jumeirah Village Circle,,year,2023-01-01,2023-12-31,median_service_charge_sqft,all,all,15.0,61,moderate,[],2026-09-08,dlx-aggregates-2
community:95:year:2019-01-01:median_service_charge_sqft:all:all,community,95,Motor City,,year,2019-01-01,2019-12-31,median_service_charge_sqft,all,all,13.0,53,moderate,[],2026-09-08,dlx-aggregates-2
community:95:year:2020-01-01:median_service_charge_sqft:all:all,community,95,Motor City,,year,2020-01-01,2020-12-31,median_service_charge_sqft,all,all,15.0,53,moderate,[],2026-09-08,dlx-aggregates-2
community:95:year:2021-01-01:median_service_charge_sqft:all:all,community,95,Motor City,,year,2021-01-01,2021-12-31,median_service_charge_sqft,all,all,14.0,53,moderate,[],2026-09-08,dlx-aggregates-2
community:98:year:2019-01-01:median_service_charge_sqft:all:all,community,98,Dubai Sports City,,year,2019-01-01,2019-12-31,median_service_charge_sqft,all,all,14.0,37,moderate,[],2026-09-08,dlx-aggregates-2
community:98:year:2020-01-01:median_service_charge_sqft:all:all,community,98,Dubai Sports City,,year,2020-01-01,2020-12-31,median_service_charge_sqft,all,all,14.0,46,moderate,[],2026-09-08,dlx-aggregates-2
community:98:year:2021-01-01:median_service_charge_sqft:all:all,community,98,Dubai Sports City,,year,2021-01-01,2021-12-31,median_service_charge_sqft,all,all,13.0,49,moderate,[],2026-09-08,dlx-aggregates-2
community:98:year:2022-01-01:median_service_charge_sqft:all:all,community,98,Dubai Sports City,,year,2022-01-01,2022-12-31,median_service_charge_sqft,all,all,13.0,41,moderate,[],2026-09-08,dlx-aggregates-2
community:98:year:2023-01-01:median_service_charge_sqft:all:all,community,98,Dubai Sports City,,year,2023-01-01,2023-12-31,median_service_charge_sqft,all,all,13.0,36,moderate,[],2026-09-08,dlx-aggregates-2
